filename_prefix,true_number,predicted_number,frequencies,raw_response
70##99_tone2,0,*,"[941.0, 1209.0]","From inspection of the plot’s horizontal axis, the lower-frequency peak is just under 950 Hz, while the higher-frequency peak is around 1250 Hz. Of the standard DTMF row frequencies (697, 770, 852, 941) and column frequencies (1209, 1336, 1477, 1633), these peaks most closely match 941 Hz and 1209 Hz, corresponding to the '*' key in the DTMF keypad mapping."
#86*10_tone6,0,0,"[941.0, 1336.0]","From the plot, there are two dominant peaks: one just below 1000 Hz, and one just above 1300 Hz. Matching these to standard DTMF rows and columns, those peaks correspond to approximately 941 Hz (low group) and 1336 Hz (high group). That pairing is the signature for the '0' key in the DTMF keypad."
501464_tone2,0,*,"[941.0, 1209.0]","From a standard DTMF keypad, the ‘row’ frequencies are 697, 770, 852, or 941 Hz, and the ‘column’ frequencies are 1209, 1336, 1477, or 1633 Hz. By measuring the two strong peaks in the provided plot, the lower‐frequency peak is nearest 941 Hz, and the higher‐frequency peak is nearest 1209 Hz. The (941 Hz, 1209 Hz) pairing corresponds to the ‘*’ key."
757001_tone5,0,5,"[770.0, 1336.0]","By inspecting the amplitude peaks on the frequency spectrum, we find two dominant frequencies centered around 770 Hz and 1336 Hz. In the DTMF standard, 770 Hz is one of the row frequencies and 1336 Hz is one of the column frequencies, which together map to the digit '5' on a telephone keypad. Thus, the peaks at approximately 770 Hz and 1336 Hz indicate the DTMF key '5'."
*6#077_tone4,0,5,"[770.0, 1336.0]","From the DTMF standard, the row frequencies are nominally 697 Hz, 770 Hz, 852 Hz, and 941 Hz; the column frequencies are 1209 Hz, 1336 Hz, 1477 Hz, and 1633 Hz. By inspection of the two prominent peaks in the plot—one near 770 Hz and the other near 1336 Hz—we match these to the row–column pair that corresponds to the digit '5' on a telephone keypad."
800529_tone3,0,5,"[770.0, 1336.0]","From the DTMF standard, the low group can be 697, 770, 852, or 941 Hz, and the high group can be 1209, 1336, 1477, or 1633 Hz. By examining the plot, the lower peak is just above 750 Hz (consistent with ~770 Hz), and the higher peak is clearly between 1200 and 1500 Hz, matching 1336 Hz. The pair (770 Hz, 1336 Hz) corresponds to the '5' key."
29*096_tone4,0,*,"[941.0, 1209.0]","From standard DTMF tables, the low band comprises 697, 770, 852, and 941 Hz, while the high band comprises 1209, 1336, 1477, and 1633 Hz. Inspecting the plot, the two dominant peaks appear just below 1000 Hz and around 1200+ Hz, which align closely with 941 Hz (low band) and 1209 Hz (high band). This specific pairing corresponds to the '*' key on the telephone keypad."
406306_tone5,0,5,"[770.0, 1336.0]","From the plot, there are two clear spectral peaks at approximately 770 Hz and 1336 Hz. In the standard DTMF system, these two frequencies correspond to the row frequency of 770 Hz and the column frequency of 1336 Hz, which, according to the DTMF layout, represent the digit '5'."
7#9086_tone4,0,#,"[941.0, 1477.0]","From the standard DTMF table, low‐frequency tones are one of {697, 770, 852, 941} Hz and high‐frequency tones are one of {1209, 1336, 1477, 1633} Hz. By inspecting the plot, the lower peak is near 941 Hz and the upper peak is near 1477 Hz; that combination corresponds to the '#' key in the DTMF keypad layout."
140*04_tone3,0,0,"[941.0, 1336.0]","From the DTMF standard, the row frequencies are (697, 770, 852, 941) Hz, and the column frequencies are (1209, 1336, 1477, 1633) Hz. Inspecting the spectrum reveals two strong peaks near 941 Hz and 1336 Hz; this combination of row (941) and column (1336) corresponds to the '0' key."
091787_tone1,0,*,"[941.0, 1209.0]","From the standard DTMF tables, the low-frequency group is {697, 770, 852, 941} Hz and the high-frequency group is {1209, 1336, 1477, 1633} Hz. The two clear peaks in the spectrum appear closest to 941 Hz and 1209 Hz. That pair (941,1209) corresponds to the '*' key on a telephone keypad."
*70*57_tone3,0,*,"[950.0, 1250.0]","From the standard DTMF rows and columns, the low group (697, 770, 852, 941 Hz) and high group (1209, 1336, 1477, 1633 Hz) must be matched. In the plot, the lower peak (≈950 Hz) is closest to 941 Hz, and the higher peak (≈1250 Hz) is closest to 1209 Hz. That pair (941 Hz + 1209 Hz) corresponds to the ‘*’ key on a telephone keypad."
6*3030_tone4,0,8,"[852.0, 1336.0]","From the DTMF standard, the 'low' group of row frequencies are 697 Hz, 770 Hz, 852 Hz, and 941 Hz, while the 'high' group of column frequencies are 1209 Hz, 1336 Hz, 1477 Hz, and 1633 Hz. In the provided plot, the first (lower) peak is near 852 Hz, and the second (higher) peak is near 1336 Hz. This frequency pair (852, 1336) maps to the digit '8' on the typical telephone keypad."
54901*_tone4,0,0,"[941.0, 1336.0]","By inspecting the DTMF spectrum, we see two distinct peaks near 941 Hz and 1336 Hz. Standard DTMF tones use a low group (697, 770, 852, 941) and a high group (1209, 1336, 1477, 1633). The combination of approximately 941 Hz (low group) and 1336 Hz (high group) corresponds to the '0' key."
385*20_tone6,0,0,"[941.0, 1336.0]","From the plot, there are two prominent peaks: one just below 1000 Hz and another around 1300 Hz. In standard DTMF, the nearest lower frequency is 941 Hz (the 'row' frequency) and the higher frequency is 1336 Hz (the 'column' frequency). The DTMF pair (941, 1336) corresponds to the '0' key."
08#697_tone1,0,*,"[950.0, 1260.0]","From the standard DTMF table, the row (low) tones are nominally 697, 770, 852, or 941 Hz, and the column (high) tones are 1209, 1336, 1477, or 1633 Hz. By reading approximate peak locations from the plot, we see the first peak is around 950 Hz and the second peak around 1260 Hz. Although these measured values are somewhat shifted, 950 Hz is closest to 941 Hz, and 1260 Hz is reasonably near 1209 Hz. The DTMF pair (941, 1209) corresponds to the “*” key."
290308_tone5,0,5,"[770.0, 1336.0]","Observing the two dominant peaks in the frequency spectrum, they appear at approximately 770 Hz and 1336 Hz. According to the DTMF standard, the lower group (697 Hz, 770 Hz, 852 Hz, 941 Hz) and the higher group (1209 Hz, 1336 Hz, 1477 Hz, 1633 Hz) combine to form different keypad digits. The combination of 770 Hz from the low group and 1336 Hz from the high group corresponds to the key '5'."
16810*_tone5,0,*,"[941.0, 1209.0]","From a standard DTMF table, the four possible 'low' (row) frequencies are 697 Hz, 770 Hz, 852 Hz, and 941 Hz, while the four 'high' (column) frequencies are 1209 Hz, 1336 Hz, 1477 Hz, and 1633 Hz. By inspecting the plot’s horizontal (frequency) axis, the lower‐frequency peak is closer to 941 Hz than any other row frequency, and the higher peak is closer to 1209 Hz than to 1336 Hz or higher columns. The combination of 941 Hz (row 4) and 1209 Hz (column 1) corresponds to the '*' DTMF key."
095082_tone1,0,*,"[941.0, 1209.0]","From the DTMF standard, the four 'low group' tones are 697, 770, 852, and 941 Hz, while the four 'high group' tones are 1209, 1336, 1477, and 1633 Hz. Visually inspecting the plot’s horizontal (frequency) axis shows one peak near 940 Hz (matching the 941 Hz low tone) and another peak just above 1200 Hz (matching the 1209 Hz high tone). The pairing of 941 Hz and 1209 Hz corresponds to the '*' key in the DTMF keypad layout."
8*0716_tone3,0,*,"[941.0, 1209.0]","From the DTMF table, the lower frequency cluster is 697, 770, 852, or 941 Hz, and the upper cluster is 1209, 1336, 1477, or 1633 Hz. Inspecting the peaks in the plot shows the first peak near 941 Hz and the second peak near 1209 Hz. That exact pairing (941 Hz, 1209 Hz) corresponds to the asterisk (*) key in the DTMF keypad layout."
825*14_tone5,1,4,"[770.0, 1209.0]","From the dual-tone frequency chart used by telephone keypads (DTMF), the lower frequency is around 770 Hz and the higher frequency is around 1209 Hz. These two frequencies together map to the digit '4' on a standard DTMF keypad. The plot's two clear peaks at approximately 770 Hz and 1209 Hz confirm this identification."
16810*_tone4,1,4,"[770.0, 1209.0]","From the DTMF standard, the low band frequencies are 697 Hz, 770 Hz, 852 Hz, and 941 Hz; and the high band frequencies are 1209 Hz, 1336 Hz, 1477 Hz, and 1633 Hz. By examining the plot, the two dominant peaks appear at approximately 770 Hz (row 2) and 1209 Hz (column 1). In the DTMF keypad layout, that combination (770 Hz + 1209 Hz) maps to the '4' key."
*71#36_tone3,1,4,"[770.0, 1209.0]","From the standard DTMF frequency sets, the row frequencies are 697 Hz, 770 Hz, 852 Hz, and 941 Hz, while the column frequencies are 1209 Hz, 1336 Hz, and 1477 Hz. The plot shows two clear peaks near 770 Hz and 1209 Hz. Matching these to the DTMF keypad layout, the combination of 770 Hz (row) and 1209 Hz (column) corresponds to key '4'."
199577_tone1,1,4,"[770.0, 1209.0]","The DTMF standard includes four low-group frequencies (697 Hz, 770 Hz, 852 Hz, 941 Hz) and four high-group frequencies (1209 Hz, 1336 Hz, 1477 Hz, 1633 Hz). From the plot, the two prominent peaks are near 770 Hz in the lower range and 1209 Hz in the upper range. According to the DTMF keypad layout, the frequency pair (770 Hz, 1209 Hz) corresponds to the digit '4'."
73*18*_tone4,1,4,"[770.0, 1209.0]","From the plot, the lower-frequency peak is near 770 Hz and the higher-frequency peak is near 1209 Hz. In standard DTMF, these two frequencies (770 Hz row and 1209 Hz column) map to the '4' key on the telephone keypad."
72*145_tone4,1,4,"[770.0, 1209.0]","From the plot, the two strongest peaks appear near 770 Hz and 1209 Hz, which in standard DTMF mapping correspond to the row-2 (770 Hz) and column-1 (1209 Hz) tones. The combination of those two frequencies uniquely identifies the '4' key in a DTMF keypad layout."
5183*8_tone2,1,4,"[770.0, 1209.0]","From the standard DTMF tables, the lower ‘row’ tone near 770 Hz pairs with the ‘column’ tone near 1209 Hz. In DTMF notation, the simultaneous presence of approximately 770 Hz and 1209 Hz corresponds to the digit '4'. By examining the plot and matching each peak to the known DTMF row and column frequencies (697, 770, 852, 941 for rows, and 1209, 1336, 1477, 1633 for columns), these two particular peaks visually align most closely with 770 Hz and around 1209 Hz."
23*1#4_tone4,1,4,"[770.0, 1209.0]","From the plot, there are two prominent peaks. Standard DTMF low-group tones are 697 Hz, 770 Hz, 852 Hz, and 941 Hz, while high-group tones are 1209 Hz, 1336 Hz, 1477 Hz, and 1633 Hz. The left peak is closest to 770 Hz and the right peak is closest to 1209 Hz, which together map to the digit '4' in the DTMF keypad layout."
810684_tone2,1,4,"[770.0, 1209.0]","From the plot we see two strong peaks: one near 770 Hz (in the standard DTMF low group) and the other near 1209 Hz (in the standard DTMF high group). The DTMF pair (770 Hz, 1209 Hz) unambiguously corresponds to the key '4'."
0#8014_tone5,1,4,"[770.0, 1209.0]","From a visual inspection of the plot, the two largest peaks occur near 770 Hz and 1209 Hz. In standard DTMF, the row frequencies are 697 Hz, 770 Hz, 852 Hz, 941 Hz, and the column frequencies are 1209 Hz, 1336 Hz, 1477 Hz, 1633 Hz. Matching 770 Hz in the row set and 1209 Hz in the column set uniquely corresponds to the digit '4.'"
115*49_tone1,1,4,"[770.0, 1209.0]","From the plot, there are two clear peaks appearing near 770 Hz and 1209 Hz. In the standard DTMF table, 770 Hz corresponds to the second row of the keypad frequencies and 1209 Hz to the first column. The combination of these two frequencies maps to the digit '4.'"
16810*_tone1,1,4,"[770.0, 1209.0]","From the DTMF standard rows (697, 770, 852, 941 Hz) and columns (1209, 1336, 1477, 1633 Hz), the first peak near 770 Hz indicates the second row, while the second peak near 1209 Hz corresponds to the first column. This combination (770 Hz + 1209 Hz) maps to the digit '4' on a telephone keypad."
30*415_tone5,1,4,"[770.0, 1209.0]","From the plot, there are two clear peaks near 770 Hz and 1209 Hz. In the DTMF standard, the lower-frequency group (697, 770, 852, 941 Hz) and the higher-frequency group (1209, 1336, 1477, 1633 Hz) pair up to determine keys. The pair (770 Hz, 1209 Hz) corresponds to the digit '4'."
*65*31_tone6,1,4,"[770.0, 1209.0]","From the standard DTMF frequencies, the low group (row) can be 697 Hz, 770 Hz, 852 Hz, or 941 Hz, and the high group (column) can be 1209 Hz, 1336 Hz, 1477 Hz, or 1633 Hz. By examining the plot, the two prominent peaks are at approximately 770 Hz and 1209 Hz. Matching 770 Hz (row) and 1209 Hz (column) corresponds to the DTMF key '4'."
633110_tone4,1,4,"[770.0, 1209.0]","From inspection of the plot, there are two main peaks: one near 770 Hz in the low-frequency row and the other near 1209 Hz in the high-frequency column. According to standard DTMF tables, the pair (770 Hz, 1209 Hz) corresponds to the digit '4'."
213138_tone2,1,4,"[770.0, 1209.0]","DTMF tones are defined by combining one frequency from the 'low' group (697, 770, 852, or 941 Hz) with one frequency from the 'high' group (1209, 1336, 1477, or 1633 Hz). The plot shows two dominant peaks at approximately 770 Hz and 1209 Hz. According to the DTMF standard, this combination corresponds to the '4' key."
912863_tone2,1,4,"[770.0, 1209.0]","From the plot, two prominent peaks appear near 770 Hz and 1209 Hz. In the standard DTMF table, 770 Hz is one of the low-group frequencies, and 1209 Hz is one of the high-group frequencies. The combination of 770 Hz and 1209 Hz corresponds to the DTMF digit '4'."
16317#_tone4,1,4,"[770.0, 1209.0]","From the plot, one peak is near 770 Hz (which belongs to the DTMF low-frequency or 'row' group) and the other is near 1209 Hz (a DTMF high-frequency or 'column' group). Looking up the DTMF lookup table, the pair (770 Hz, 1209 Hz) corresponds to the '4' key."
1#19*9_tone1,1,4,"[770.0, 1209.0]","Standard DTMF signals use one frequency from a low group (697 Hz, 770 Hz, 852 Hz, 941 Hz) and one from a high group (1209 Hz, 1336 Hz, 1477 Hz, 1633 Hz). By examining the plot, the left peak aligns closely with 770 Hz, and the right peak aligns with 1209 Hz. In DTMF mapping, the combination of 770 and 1209 Hz corresponds to the '4' key on a telephone keypad."
1#19*9_tone3,1,4,"[770.0, 1209.0]","From the plot, there are two prominent peaks: one near 770 Hz and the other near 1209 Hz. In the standard DTMF table, 770 Hz belongs to the second row (4,5,6) and 1209 Hz to the leftmost column (1,4,7,*). The intersection of these two frequencies corresponds to the digit '4'."
152110_tone3,2,4,"[770.0, 1209.0]","By inspection, there are two clear peaks in the plot: one near 770 Hz and the other around 1209 Hz. In the standard DTMF scheme, 770 Hz is in the 'row frequency' group, and 1209 Hz is in the 'column frequency' group. The combination of 770 Hz and 1209 Hz corresponds to the '4' key."
9966*2_tone6,2,4,"[770.0, 1209.0]","From the DTMF standard, the low row frequencies are 697, 770, 852, and 941 Hz, while the high column frequencies are 1209, 1336, 1477, and 1633 Hz. Visually, the first peak is near 770 Hz, and the second peak is nearer to 1209 Hz than to 1336 Hz. The combination of 770 and 1209 Hz corresponds to the digit '4' on the typical DTMF keypad."
652258_tone3,2,5,"[770.0, 1336.0]","From the DTMF standard, the low group consists of frequencies 697 Hz, 770 Hz, 852 Hz, and 941 Hz, while the high group is 1209 Hz, 1336 Hz, 1477 Hz, and 1633 Hz. Averaging the peaks in the provided plot shows one near 770 Hz (second row frequency) and the other close to 1336 Hz (second column frequency). The combination of 770 Hz and 1336 Hz corresponds to the digit '5' on the telephone keypad."
289547_tone1,2,5,"[770.0, 1336.0]","From the DTMF standard, there are four possible low frequencies (697, 770, 852, 941 Hz) and four high frequencies (1209, 1336, 1477, 1633 Hz). The two peaks in the provided plot appear at approximately 770 Hz (low band) and 1336 Hz (high band). Referring to the standard DTMF matrix, the combination (770, 1336) corresponds to the digit '5'."
2#3480_tone1,2,4,"[770.0, 1209.0]","From visual inspection of the DTMF plot, the first (lower) peak is slightly above 700Hz (near 770Hz), and the second (higher) peak is just above 1200Hz (near 1209Hz). According to the standard DTMF scheme, the tone pair 770Hz and 1209Hz corresponds to the digit '4'."
2452#5_tone1,2,4,"[770.0, 1209.0]","From the DTMF standard, row frequencies are 697 Hz, 770 Hz, 852 Hz, and 941 Hz, while column frequencies are 1209 Hz, 1336 Hz, 1477 Hz, and 1633 Hz. The first peak in the provided plot is around 770 Hz and the second peak is around 1209 Hz. Matching these to the DTMF keypad matrix, we see that the combination of 770 Hz (second row) and 1209 Hz (first column) corresponds to the digit '4'."
2#7*27_tone5,2,1,"[697.0, 1209.0]","From the plot, there are two distinct peaks: one just under 700 Hz and the other just above 1200 Hz. In DTMF, the low group is 697, 770, 852, 941 Hz and the high group is 1209, 1336, 1477, 1633 Hz. The pair (697 Hz, 1209 Hz) is used for the digit '1'. Although the graph’s scale places them around 700 Hz and 1250 Hz, these values are a close match to the standard 697 Hz and 1209 Hz for '1.'"
828462_tone6,2,5,"[770.0, 1336.0]","From standard DTMF tables, the low group frequencies are 697, 770, 852, and 941 Hz, while the high group includes 1209, 1336, 1477, and 1633 Hz. In the plot, the first peak lies near 770 Hz and the second peak near 1336 Hz. The combination of these two frequencies corresponds to the DTMF key '5'."
2*#722_tone5,2,4,"[770.0, 1209.0]","By examining the plot and comparing to the standard DTMF row/column frequencies, the first peak is closest to 770 Hz (the second row frequency) and the second peak is closest to 1209 Hz (the first column frequency). The DTMF pair 770/1209 corresponds to the '4' key."
39218*_tone3,2,5,"[770.0, 1336.0]","By inspecting the plot, the lower-frequency peak lies near 770 Hz (one of the standard DTMF low group frequencies 697, 770, 852, 941), and the higher-frequency peak lies near 1336 Hz (one of the standard high group frequencies 1209, 1336, 1477, 1633). The DTMF pair of (770 Hz, 1336 Hz) corresponds to the '5' key on a telephone keypad."
#10200_tone4,2,4,"[750.0, 1250.0]","From the plot, there appear to be two prominent peaks at roughly 750 Hz and 1250 Hz. In the standard DTMF set, the closest low-frequency row tone is 770 Hz, and the nearest high-frequency column tone is 1209 Hz. These two combine to represent the '4' key on a DTMF keypad."
4223*8_tone3,2,4,"[770.0, 1209.0]","From the DTMF standard tables, the row frequencies are nominally 697, 770, 852, or 941 Hz, and the column frequencies are nominally 1209, 1336, 1477, or 1633 Hz. By inspecting the first (lower) peak, it lies near 770 Hz; the second (higher) peak lies closer to 1209 Hz than to 1336 Hz. The combination of 770 Hz (row 2) and 1209 Hz (column 1) corresponds to the '4' key."
308256_tone4,2,4,"[770.0, 1209.0]","By inspecting the two main spectral peaks, the lower‐frequency peak appears just under 800 Hz (closest to the DTMF low frequency of 770 Hz), while the higher‐frequency peak is around 1200–1250 Hz (closest to 1209 Hz). The standard DTMF table indicates that the combination of 770 Hz (low band) and 1209 Hz (high band) corresponds to the digit '4'."
0209*0_tone2,2,5,"[770.0, 1336.0]","By comparing the two clear peak frequencies with the known DTMF standard frequencies (697, 770, 852, 941 for the low group and 1209, 1336, 1477, 1633 for the high group), the peaks at about 770 Hz and 1336 Hz indicate the DTMF tones for the digit '5'."
64672#_tone5,2,5,"[770.0, 1336.0]","From the standard DTMF table, the row frequencies are 697 Hz, 770 Hz, 852 Hz, and 941 Hz, while the column frequencies are 1209 Hz, 1336 Hz, 1477 Hz, and 1633 Hz. The first strong peak near 770 Hz clearly matches the second row frequency. The second peak near 1336 Hz matches the second column frequency. Looking up that row-column intersection (row=770, column=1336) in the DTMF keypad yields the digit '5'."
182047_tone3,2,4,"[770.0, 1209.0]","From the DTMF standard, the low-group (row) frequencies are 697 Hz, 770 Hz, 852 Hz, and 941 Hz, while the high-group (column) frequencies are 1209 Hz, 1336 Hz, 1477 Hz, and 1633 Hz. In the provided plot, the first (lower) peak is closest to 770 Hz and the second (higher) peak is closest to 1209 Hz. Matching these two frequencies in the DTMF keypad layout corresponds to the '4' key."
725638_tone2,2,4,"[770.0, 1209.0]","From the plot, there are two prominent peaks in the frequency domain. By estimating their locations on the x-axis, the left peak is closest to 770 Hz and the right peak is closest to 1209 Hz. In the DTMF convention, the low-frequency group includes 697, 770, 852, and 941 Hz, while the high-frequency group includes 1209, 1336, 1477, and 1633 Hz. Matching 770 and 1209 corresponds to the key '4' on the telephone keypad."
121992_tone2,2,4,"[770.0, 1209.0]","From the standard DTMF frequencies, the ‘low group’ can be 697, 770, 852, or 941 Hz, and the ‘high group’ can be 1209, 1336, 1477, or 1633 Hz. By examining the plot, the first (lower) peak is near 770 Hz, and the second (higher) peak is closest to 1209 Hz. In DTMF signaling, 770 Hz paired with 1209 Hz corresponds to the digit ‘4.’"
273#6#_tone1,2,5,"[770.0, 1336.0]","From standard DTMF tables, the row (low-frequency) group corresponds to 697, 770, 852, or 941 Hz and the column (high-frequency) group corresponds to 1209, 1336, 1477, or 1633 Hz. The first peak on the plot is very close to 770 Hz, and the second peak is very close to 1336 Hz. According to the DTMF keypad layout, that combination (770 Hz and 1336 Hz) matches the digit '5'."
730027_tone5,2,1,"[697.0, 1209.0]","From the DTMF standard, the low-frequency group includes 697 Hz, 770 Hz, 852 Hz, and 941 Hz, while the high-frequency group includes 1209 Hz, 1336 Hz, 1477 Hz, and 1633 Hz. In the plotted spectrum, there are two clear peaks: one near 697 Hz and one near 1209 Hz. The combination of 697 Hz (low group) and 1209 Hz (high group) corresponds to the '1' key in the DTMF layout."
450317_tone4,3,6,"[770.0, 1477.0]","From standard DTMF tables, the row frequencies are 697, 770, 852, and 941 Hz, and the column frequencies are 1209, 1336, 1477, and 1633 Hz. By noting that the two dominant peaks in the plot lie near 770 Hz and 1477 Hz, we identify them as the second row frequency (770 Hz) and the third column frequency (1477 Hz). The DTMF layouts show that combination corresponds to the key '6'."
6#4043_tone6,3,6,"[770.0, 1477.0]","By examining standard DTMF tone pairs, a low tone near 770 Hz and a high tone near 1477 Hz map to the '6' key on the telephone keypad. The left peak (around 770 Hz) matches the low frequency row (697, 770, 852, 941), and the right peak (around 1477 Hz) matches the high frequency column (1209, 1336, 1477, 1633). Together, these identify the digit '6.'"
*71#36_tone5,3,6,"[770.0, 1477.0]","From a standard DTMF frequency table, the lower group frequencies are 697 Hz, 770 Hz, 852 Hz, and 941 Hz; the upper group frequencies are 1209 Hz, 1336 Hz, 1477 Hz, and 1633 Hz. By inspection of the plot, the lower peak aligns with about 770 Hz, and the higher peak aligns with about 1477 Hz. The DTMF key that corresponds to the (770 Hz, 1477 Hz) pair is the digit '6'."
946923_tone6,3,6,"[770.0, 1477.0]","In DTMF signaling, each key is identified by a combination of one 'low' and one 'high' frequency. Inspecting this plot, there are two distinct peaks: one near 770 Hz and another near 1477 Hz. In the standard DTMF frequency chart, the combination of 770 Hz (low group) and 1477 Hz (high group) corresponds to the '6' key."
63247*_tone2,3,6,"[770.0, 1477.0]","From the DTMF standard, rows correspond to approximately 697Hz, 770Hz, 852Hz, and 941Hz; columns correspond to approximately 1209Hz, 1336Hz, 1477Hz, and 1633Hz. In the plot, the lower-frequency peak appears around 770Hz (second row frequency) and the higher-frequency peak appears around 1477Hz (third column frequency). The combination of Row 2 (770Hz) and Column 3 (1477Hz) maps to the '6' key on a typical telephone keypad."
533031_tone3,3,6,"[770.0, 1477.0]","By inspecting the plot, we see two distinct peaks: one just under 800 Hz (consistent with the 770 Hz low tone in the DTMF standard), and another near 1500 Hz (consistent with the 1477 Hz high tone). In DTMF, the 770 Hz + 1477 Hz combination maps to the '6' key on the keypad."
840838_tone5,3,6,"[770.0, 1477.0]","From the standard DTMF table, the ‘low’ group row frequencies are 697 Hz, 770 Hz, 852 Hz, and 941 Hz, while the ‘high’ group column frequencies are 1209 Hz, 1336 Hz, and 1477 Hz. In the provided plot, the lower peak (about 770 Hz) matches the second row frequency, and the higher peak (about 1477 Hz) matches the third column frequency. This exact combination corresponds to the DTMF key ‘6’."
185113_tone6,3,6,"[770.0, 1477.0]","From the plot, there are two clear peaks: one near 770 Hz (the low 'row' group) and one near 1477 Hz (the high 'column' group). In the DTMF standard, 770 Hz paired with 1477 Hz corresponds to the '6' key. The row frequencies are typically 697, 770, 852, or 941 Hz, and the column frequencies are 1209, 1336, 1477, or 1633 Hz. Matching 770 Hz and 1477 Hz points us directly to key '6'."
623593_tone3,3,6,"[770.0, 1477.0]","From the standard DTMF tone set, the low-group frequencies are {697, 770, 852, 941} Hz and the high-group frequencies are {1209, 1336, 1477, 1633} Hz. By inspecting the peaks in the plot, the lower peak is around 770 Hz while the higher peak is around 1477 Hz. According to the DTMF mapping, the combination of 770 Hz (row 2) and 1477 Hz (column 3) corresponds to the '6' key."
0403#*_tone4,3,6,"[770.0, 1477.0]","From the plot, there are two clear peaks: one near 770 Hz and a second near 1477 Hz. In DTMF, the row frequencies are typically 697 Hz, 770 Hz, 852 Hz, and 941 Hz, while the column frequencies are 1209 Hz, 1336 Hz, 1477 Hz, and 1633 Hz. The pair (770 Hz, 1477 Hz) corresponds to the digit '6'."
057*13_tone6,3,6,"[770.0, 1477.0]","The dual-tone signal appears to have prominent peaks near 770 Hz (mid-low group) and 1477 Hz (high group), matching the standard DTMF frequencies for the '6' key. In the DTMF scheme, the low-frequency rows are 697, 770, 852, and 941 Hz, while the high-frequency columns are 1209, 1336, 1477, and 1633 Hz. Observing that the first peak is close to 770 Hz and the second peak is close to 1477 Hz identifies the '6' key."
35535*_tone1,3,6,"[770.0, 1477.0]","From the standard DTMF tables, the commonly used row frequencies are 697 Hz, 770 Hz, 852 Hz, and 941 Hz; the column frequencies are 1209 Hz, 1336 Hz, 1477 Hz, and 1633 Hz. By inspecting the plot, the lower peak is around 770 Hz and the higher peak is around 1477 Hz. According to the DTMF layout, the combination of 770 Hz (row 2) and 1477 Hz (column 3) corresponds to the digit '6'."
3#96*6_tone1,3,6,"[770.0, 1477.0]","From the DTMF standard rows and columns, the low‐frequency group is (697, 770, 852, 941) Hz and the high‐frequency group is (1209, 1336, 1477, 1633) Hz. By inspection of the plot, the lower peak is near 770 Hz and the higher peak is near 1477 Hz. In the DTMF keypad layout, 770 Hz and 1477 Hz together correspond to the ‘6’ key."
527434_tone5,3,6,"[770.0, 1477.0]","The DTMF standard low group frequencies are 697 Hz, 770 Hz, 852 Hz, and 941 Hz; the high group frequencies are 1209 Hz, 1336 Hz, 1477 Hz, and 1633 Hz. By reading the plot, the first peak is near 770 Hz (in the low group), and the second is near 1477 Hz (in the high group). In the DTMF keypad matrix, combining 770 Hz (row 2) and 1477 Hz (column 3) corresponds to the digit '6.'"
#22398_tone4,3,6,"[770.0, 1477.0]","From the DTMF standard table, the row frequencies are 697 Hz, 770 Hz, 852 Hz, and 941 Hz, and the column frequencies are 1209 Hz, 1336 Hz, 1477 Hz, and 1633 Hz. By examining the plot, the two clear peaks occur near 770 Hz and 1477 Hz, which correspond to the second row and third column in the DTMF matrix. That combination decodes to the '6' key."
23*1#4_tone2,3,6,"[770.0, 1477.0]","Inspection of the plot shows two strong peaks in the DTMF low- and high-frequency bands, near 770 Hz and 1477 Hz respectively. According to the DTMF standard keypad layout (with low frequencies of 697, 770, 852, 941 Hz and corresponding high frequencies of 1209, 1336, 1477, 1633 Hz), the pair (770, 1477) corresponds to the digit 6."
63410*_tone2,3,6,"[770.0, 1477.0]","From the standard DTMF frequency table, the low-frequency group includes 697 Hz, 770 Hz, 852 Hz, and 941 Hz, while the high-frequency group includes 1209 Hz, 1336 Hz, 1477 Hz, and 1633 Hz. In the given spectrum, the two clear peaks appear at approximately 770 Hz and 1477 Hz, which matches the DTMF combination for the '6' key."
413*#1_tone3,3,6,"[770.0, 1477.0]","By close inspection of the two dominant peaks in the spectrum and comparing them against the standard DTMF frequency table, the lower peak is near 770 Hz and the higher peak is near 1477 Hz. In DTMF signaling, the (770 Hz, 1477 Hz) pair corresponds to the '6' key."
321334_tone5,3,6,"[770.0, 1477.0]","By examining the plot, the first peak is very close to 770 Hz (the second 'row' frequency in the DTMF standard), and the second peak is near 1477 Hz (the third 'column' frequency). That frequency pair (770, 1477) corresponds to the DTMF digit '6'."
153037_tone5,3,6,"[770.0, 1477.0]","From the standard DTMF table, the low-frequency groups are (697, 770, 852, 941) Hz, and the high-frequency groups are (1209, 1336, 1477, 1633) Hz. By observing that the two peaks in the plot occur near 770 Hz and 1477 Hz, we can match them to the intersection of the row for 770 Hz and the column for 1477 Hz, which corresponds to the key '6.'"
462719_tone1,4,4,"[770.0, 1209.0]","From the plot, there are two strong peaks: one near 770 Hz (the lower group) and one near 1209 Hz (the higher group). In standard DTMF, the combination of 770 Hz (low) and 1209 Hz (high) corresponds to the digit '4'."
136944_tone6,4,4,"[770.0, 1209.0]","By examining the plot, there are two primary peaks: one near 770 Hz in the DTMF low-frequency group (possible rows: 697, 770, 852, 941) and one close to 1209 Hz in the DTMF high-frequency group (possible columns: 1209, 1336, 1477). Matching 770 Hz (row 2) with 1209 Hz (column 1) corresponds to the '4' key on a standard telephone keypad."
23*1#4_tone6,4,4,"[770.0, 1250.0]","From the DTMF standard, the valid row frequencies are 697Hz, 770Hz, 852Hz, and 941Hz, while the valid column frequencies are 1209Hz, 1336Hz, 1477Hz, and 1633Hz. By examining the plot, the two largest peaks appear near 770Hz and around 1250Hz. The lower peak (≈770Hz) closely matches the row frequency of 770Hz, and the higher peak (≈1250Hz) is closest to the column frequency of 1209Hz. The combination of a row at 770Hz and a column at 1209Hz corresponds to the DTMF key '4.'"
41663*_tone1,4,4,"[770.0, 1209.0]","From the standard DTMF rows (697, 770, 852, 941 Hz) and columns (1209, 1336, 1477, 1633 Hz), the plot shows a peak around 770 Hz and another near 1209 Hz. This pair of frequencies corresponds to the DTMF '4'."
420*14_tone1,4,4,"[770.0, 1209.0]","By comparing the two strong spectral peaks against the standard DTMF bands (low group: 697, 770, 852, 941 Hz; high group: 1209, 1336, 1477, 1633 Hz), the lower peak (≈770 Hz) matches the '770' row and the upper peak (≈1209 Hz) matches the '1209' column. In the typical DTMF layout, that combination corresponds to the digit '4.'"
575874_tone6,4,4,"[770.0, 1209.0]","By examining the plot, there are two prominent peaks near 770 Hz and 1209 Hz, which correspond to one of the standard DTMF tone pairs. According to the DTMF frequency table, 770 Hz in the low group and 1209 Hz in the high group map to the digit '4'."
745567_tone2,4,4,"[770.0, 1209.0]","By inspecting the two dominant peaks in the spectrum, the lower-frequency peak lies near 770 Hz and the higher-frequency peak near 1209 Hz. According to the standard DTMF matrix, the combination of 770 Hz (low group) and 1209 Hz (high group) corresponds to the '4' key."
8504*#_tone4,4,4,"[770.0, 1209.0]","From the spectrum, there are distinct peaks close to 770 Hz and 1209 Hz. In the DTMF standard, the 770 Hz row frequency combined with the 1209 Hz column frequency corresponds to the '4' key."
527434_tone6,4,4,"[770.0, 1209.0]","From inspection of the DTMF frequency pairs (697, 770, 852, 941 Hz for rows and 1209, 1336, 1477, 1633 Hz for columns), the two peaks appear near 770 Hz (the second row) and 1209 Hz (the first column). According to the standard DTMF map, that combination corresponds to the digit '4'."
426171_tone1,4,4,"[770.0, 1209.0]","From the plot, there are two prominent peaks: one just under 800 Hz and one a little above 1200 Hz. Standard DTMF row frequencies are 697, 770, 852, 941 Hz, and the column frequencies are 1209, 1336, 1477, 1633 Hz. The closest match to the observed peaks (around 770 and just above 1200) is 770 Hz (row 2) paired with 1209 Hz (column 1). In the DTMF layout, the combination of 770 Hz and 1209 Hz corresponds to the key '4'."
495849_tone1,4,4,"[770.0, 1209.0]","From the plotted spectrum, the two dominant frequency peaks appear at about 770 Hz (the second-lowest DTMF row frequency) and 1209 Hz (the first column frequency). According to the DTMF standard, combining 770 Hz and 1209 Hz corresponds to the digit '4.'"
277411_tone4,4,4,"[770.0, 1209.0]","By examining the spectrum, there are two dominant peaks: one near 770 Hz and another near 1209 Hz. In the DTMF system, the row frequency of 770 Hz combined with the column frequency of 1209 Hz corresponds to the '4' key."
30*415_tone4,4,4,"[770.0, 1209.0]","By inspecting the plot, there are two distinct amplitude peaks around 770 Hz and 1209 Hz. In the standard DTMF system, 697 Hz, 770 Hz, 852 Hz, and 941 Hz are the ‘row’ (low) frequencies, and 1209 Hz, 1336 Hz, 1477 Hz, and 1633 Hz are the ‘column’ (high) frequencies. The pair (770 Hz, 1209 Hz) identifies the ‘4’ key on a telephone keypad."
349548_tone5,4,4,"[770.0, 1209.0]","By comparing the two strong peaks in the spectrum to the standard DTMF frequencies (697, 770, 852, 941 for the low group and 1209, 1336, 1477, 1633 for the high group), the lower peak is nearest 770 Hz and the higher peak is nearest 1209 Hz. That combination (770 Hz + 1209 Hz) corresponds to the digit '4' on a telephone keypad."
675324_tone6,4,4,"[770.0, 1209.0]","From the standard DTMF frequency pairs, the row frequencies are 697 Hz, 770 Hz, 852 Hz, and 941 Hz, and the column frequencies are 1209 Hz, 1336 Hz, 1477 Hz, and 1633 Hz. In the plot, the two largest peaks are near 770 Hz and 1209 Hz. According to the DTMF layout, 770 Hz (row) combined with 1209 Hz (column) corresponds to the digit '4'."
824695_tone3,4,4,"[770.0, 1209.0]","From the DTMF specification, the low-tone frequencies are 697 Hz, 770 Hz, 852 Hz, and 941 Hz, while the high-tone frequencies are 1209 Hz, 1336 Hz, 1477 Hz, and 1633 Hz. The two peaks observed in the spectrum are closest to 770 Hz (low group) and 1209 Hz (high group). That specific pair corresponds to the '4' key in the DTMF keypad mapping."
973554_tone6,4,4,"[770.0, 1209.0]","By examining the spectral peaks near 770 Hz and 1209 Hz (the standard DTMF frequencies for the digit '4'), we see that the lower frequency lies close to 770 Hz and the higher frequency is close to 1209 Hz. In standard DTMF decoding, that low/high combination unambiguously corresponds to the key '4.'"
174465_tone4,4,4,"[770.0, 1209.0]","From standard DTMF specifications, the row frequencies are 697 Hz, 770 Hz, 852 Hz, and 941 Hz, while the column frequencies are 1209 Hz, 1336 Hz, 1477 Hz, and 1633 Hz. By matching the two observed peaks—one near 770 Hz and the other near 1209 Hz—this combination corresponds to the key '4' on a standard telephone keypad."
*4*#05_tone2,4,4,"[770.0, 1250.0]","By examining the plot, we see two distinct peaks: a lower-frequency peak just above 750 Hz (close to 770 Hz in the DTMF low group) and a higher-frequency peak around 1250 Hz (which aligns with the 1209 Hz DTMF high group). In the standard DTMF assignments, 770 Hz (row) paired with 1209 Hz (column) corresponds to the '4' key."
560804_tone6,4,4,"[770.0, 1209.0]","From the plot, there are two dominant peaks with approximate center frequencies around 770 Hz and 1209 Hz. In standard DTMF, the low group 770 Hz pairs with the high group 1209 Hz to represent the digit '4'. Hence, the decoded key is '4'."
943585_tone6,5,4,"[770.0, 1270.0]","From the plot, the lower‐frequency peak is around 770 Hz and the upper‐frequency peak is around 1270 Hz. In standard DTMF, the low group includes 697, 770, 852, and 941 Hz, and the high group includes 1209, 1336, 1477, and 1633 Hz. A peak near 770 Hz matches the low‐frequency row for the digit '4', '5', or '6', and a peak near 1270 Hz is closest to the high‐frequency tone 1209 Hz. The combination of 770 (row) and 1209 (column) identifies the DTMF key '4'."
#35907_tone3,5,4,"[770.0, 1209.0]","From the plot, the lower peak is close to 770 Hz (one of the four DTMF ‘row’ frequencies: 697, 770, 852, 941), and the higher peak is near 1209 Hz (one of the DTMF ‘column’ frequencies: 1209, 1336, 1477, 1633). In the DTMF keypad mapping, the combination of 770 Hz (row) and 1209 Hz (column) corresponds to the digit ‘4’."
*70*57_tone5,5,4,"[770.0, 1250.0]","By inspection of standard DTMF rows (697, 770, 852, 941 Hz) and columns (1209, 1336, 1477, 1633 Hz), the first peak near 770 Hz indicates the row frequency, and the second peak near 1250 Hz aligns most closely with the 1209 Hz column frequency. The combination of row 770 Hz and column 1209 Hz corresponds to the DTMF key '4'."
*55010_tone2,5,5,"[770.0, 1336.0]","By inspection of the plot, there are two dominant peaks: one in the vicinity of 770 Hz (the typical 'low group' row frequency) and the other near 1336 Hz (the typical 'high group' column frequency). In the standard DTMF layout, the combination of 770 Hz and 1336 Hz corresponds to the '5' key."
0558#9_tone2,5,4,"[770.0, 1209.0]","From inspection of the DTMF plot, there are two clear frequency peaks. By reading the horizontal axis, the lower frequency peak is near 770 Hz, and the higher one is near 1209 Hz. In the standard DTMF frequency table, 770 Hz corresponds to the second row (digits 4, 5, 6, B), and 1209 Hz corresponds to the first column (digits 1, 4, 7, *). Their intersection on the telephone keypad is digit '4'."
851661_tone2,5,5,"[770.0, 1336.0]","From the standard DTMF tone sets, the lower peak at about 770 Hz matches the second ‘row’ frequency and the higher peak at about 1336 Hz matches the second ‘column’ frequency in the typical layout. The combination of (770 Hz, 1336 Hz) corresponds to the digit ‘5’ on a telephone keypad."
957682_tone2,5,5,"[770.0, 1336.0]","From the DTMF standard table, the lower bands (rows) are approximately 697 Hz, 770 Hz, 852 Hz, and 941 Hz while the upper bands (columns) are 1209 Hz, 1336 Hz, 1477 Hz, and 1633 Hz. The spectrum peaks in the provided plot occur near 770 Hz and 1336 Hz, which uniquely identifies the DTMF digit '5'."
54922#_tone1,5,5,"[770.0, 1336.0]","From the DTMF standard, the row frequencies are 697 Hz, 770 Hz, 852 Hz, and 941 Hz, while the column frequencies are 1209 Hz, 1336 Hz, 1477 Hz, and 1633 Hz. In the plot, the two dominant peaks appear at approximately 770 Hz and 1336 Hz, matching the 'low group' frequency of 770 Hz and the 'high group' frequency of 1336 Hz. This pairing corresponds to the DTMF digit '5'."
3#5810_tone3,5,5,"[770.0, 1336.0]","From standard DTMF tables, the low-group frequencies are 697, 770, 852, and 941 Hz; the high-group frequencies are 1209, 1336, 1477, and 1633 Hz. Inspection of the plot shows two principal peaks near 770 Hz and 1336 Hz, which maps to the DTMF digit '5.'"
59753*_tone4,5,5,"[770.0, 1336.0]","From the DTMF table, the standard low-tone rows are 697 Hz, 770 Hz, 852 Hz, and 941 Hz; the high-tone columns are 1209 Hz, 1336 Hz, 1477 Hz, and 1633 Hz. The two strongest peaks in the provided plot appear at approximately 770 Hz (row) and 1336 Hz (column). In the usual telephone keypad layout, that combination corresponds to the digit '5'."
107545_tone6,5,5,"[770.0, 1336.0]","From the standard DTMF set, the row frequencies are 697 Hz, 770 Hz, 852 Hz, and 941 Hz, while the column frequencies are 1209 Hz, 1336 Hz, 1477 Hz, and 1633 Hz. The two peaks visible in the spectrum are near 770 Hz and 1336 Hz. According to the DTMF mapping: (770 Hz, 1209 Hz) maps to '4', (770 Hz, 1336 Hz) maps to '5', and (770 Hz, 1477 Hz) maps to '6'. Thus, the pairing of 770 Hz and 1336 Hz corresponds to the digit '5'."
*75#95_tone3,5,5,"[770.0, 1336.0]","From the standard DTMF row-column frequency chart, a low tone near 770 Hz and a high tone near 1336 Hz map to the digit ‘5’. The two spectral peaks in the plot line up closely with these values, confirming the key."
875809_tone3,5,5,"[770.0, 1336.0]","By examining the DTMF standard rows of 697Hz, 770Hz, 852Hz, and 941Hz, and columns of 1209Hz, 1336Hz, 1477Hz, and 1633Hz, the measured lower peak near 770Hz and higher peak near 1336Hz correspond to the digit '5' on a typical telephone keypad."
76*405_tone6,5,4,"[770.0, 1209.0]","From the plot, there are two main peaks: one near 770 Hz (which is one of the row frequencies in DTMF) and another near 1209 Hz (which is one of the column frequencies). In the standard DTMF layout, the combination of 770 Hz (row) and 1209 Hz (column) corresponds to the digit '4'."
65835*_tone5,5,5,"[770.0, 1336.0]","From the plot, there are two dominant peaks near 770 Hz and 1336 Hz. In the standard DTMF frequency sets, 697, 770, 852, and 941 Hz correspond to rows (low group) and 1209, 1336, 1477, and 1633 Hz correspond to columns (high group). The pair 770 Hz (second row) and 1336 Hz (second column) uniquely identifies the digit '5'."
652258_tone5,5,4,"[770.0, 1209.0]","From standard DTMF tables, the row‐tone set near 770 Hz and the column‐tone set near 1209 Hz together map to the digit ‘4.’  In the plot, the lower peak is close to 770 Hz and the higher peak is close to 1209 Hz, which uniquely identifies the '4' key in the DTMF scheme."
289*56_tone5,5,4,"[770.0, 1209.0]","From standard DTMF tables, the four row frequencies are nominally 697, 770, 852, and 941 Hz; the four column frequencies are 1209, 1336, 1477, and 1633 Hz. In the provided spectrum, the lower peak is close to 770 Hz and the higher peak is close to 1209 Hz, which form the pair corresponding to the digit '4' on a telephone keypad."
594111_tone1,5,5,"[770.0, 1336.0]","From inspection of the plot, there are two prominent peaks: one near 770 Hz and the other near 1336 Hz. DTMF decoding standards dictate that the digit ‘5’ corresponds to the pair (770, 1336). Therefore, these measured peak frequencies map unambiguously to the DTMF key ‘5’."
7*2150_tone5,5,5,"[770.0, 1336.0]","From standard DTMF conventions, the row frequency near 770 Hz and the column frequency near 1336 Hz uniquely identify the digit '5'. The lower peak is measured around 770 Hz (the second 'row' in the DTMF table), and the higher peak is around 1336 Hz (the second 'column'). Cross-referencing these two frequencies reveals that the tone corresponds to the keypad digit '5'."
*5*505_tone4,5,5,"[770.0, 1336.0]","The plot shows two prominent peaks: one near 770 Hz and another near 1336 Hz. In the standard DTMF scheme, 770 Hz is in the 'low' group, while 1336 Hz is in the 'high' group. According to the DTMF frequency table, the combination of 770 Hz and 1336 Hz corresponds to the '5' key."
102697_tone4,6,6,"[770.0, 1477.0]","From the DTMF standard, the low-frequency group is typically 697, 770, 852, and 941 Hz, while the high-frequency group is 1209, 1336, 1477, and 1633 Hz. In the provided spectrum, the peaks appear at approximately 770 Hz and 1477 Hz, corresponding to 'row 2' and 'column 3' in the DTMF layout. This combination maps to the digit '6'."
*3868#_tone4,6,6,"[770.0, 1477.0]","From standard DTMF tone assignments, the row frequencies are 697 Hz, 770 Hz, 852 Hz, and 941 Hz, and the column frequencies are 1209 Hz, 1336 Hz, 1477 Hz, and 1633 Hz. By examining the plot, the lower‐frequency peak (≈770 Hz) matches the second row of the DTMF keypad, and the higher‐frequency peak (≈1477 Hz) matches the third column. This combination (770 Hz and 1477 Hz) corresponds to the '6' key."
#64076_tone6,6,6,"[770.0, 1477.0]","From the DTMF standards, rows are typically at 697, 770, 852, or 941 Hz, and columns are at 1209, 1336, 1477, or 1633 Hz. In this plot, the two primary peaks appear near 770 Hz and 1477 Hz. Mapping those row and column frequencies to the DTMF keypad yields the '6' key."
600830_tone1,6,6,"[770.0, 1477.0]","From inspection of the plot, the lower peak is near 770 Hz and the higher peak is near 1477 Hz. In the DTMF system, 770 Hz is one of the row frequencies, and 1477 Hz is one of the column frequencies. The pair (770, 1477) corresponds to the '6' key on a standard telephone keypad."
647576_tone1,6,6,"[770.0, 1477.0]","Looking at the DTMF standard rows (697, 770, 852, 941 Hz) and columns (1209, 1336, 1477, 1633 Hz), the two prominent peaks in the plot fall approximately at 770 Hz for the lower frequency and 1477 Hz for the higher frequency. In the DTMF scheme, that pairing corresponds to the '6' key."
#92#96_tone6,6,6,"[770.0, 1477.0]","From the standard DTMF assignments, the row frequencies are 697 Hz, 770 Hz, 852 Hz, and 941 Hz; while the column frequencies are 1209 Hz, 1336 Hz, 1477 Hz, and 1633 Hz. By examining the plot, the two dominant peaks occur near 770 Hz and 1477 Hz. According to the DTMF layout, the combination (770 Hz, 1477 Hz) corresponds to the digit '6'."
628922_tone1,6,6,"[770.0, 1477.0]","By examining the DTMF standard rows (697, 770, 852, 941 Hz) and columns (1209, 1336, 1477, 1633 Hz), the first strong peak near 770 Hz identifies the row frequency, and the second strong peak near 1477 Hz identifies the column frequency. According to the standard DTMF layout, the combination of 770 Hz (row) and 1477 Hz (column) corresponds to the key '6'."
912863_tone5,6,6,"[770.0, 1477.0]","DTMF tones are made up of one 'low band' and one 'high band' frequency. The standard DTMF low-band tones are 697 Hz, 770 Hz, 852 Hz, and 941 Hz, while the high-band tones are 1209 Hz, 1336 Hz, 1477 Hz, and 1633 Hz. In the provided spectrum, the two largest peaks occur near 770 Hz and 1477 Hz. Referring to the DTMF keypad layout, the combination 770 + 1477 corresponds to the digit '6'."
7576*7_tone4,6,6,"[770.0, 1477.0]","From inspection of the spectrum, there appear to be two clear peaks: one near 770 Hz and another near 1477 Hz. In the DTMF standard, the pairs (697, 1209), (697, 1336), (697, 1477), (770, 1209), (770, 1336), (770, 1477), (852, 1209), (852, 1336), (852, 1477), (941, 1209), (941, 1336), and (941, 1477) correspond to digits 1 through 9, *, 0, and # respectively. Since the lower frequency (770 Hz) and higher frequency (1477 Hz) match the DTMF pair for the digit '6', we can identify the key as '6'."
#*68*3_tone3,6,6,"[770.0, 1477.0]","From the plot, two dominant peaks appear near 770 Hz and 1477 Hz. In the DTMF system, 770 Hz is the second row frequency, and 1477 Hz is the third column frequency. The combination of these two frequencies corresponds to the digit '6' on a DTMF keypad."
864#03_tone2,6,6,"[770.0, 1477.0]","By examining the plot, two dominant peaks appear at roughly 770 Hz and 1477 Hz. In the standard DTMF system, 770 Hz lies in the low-frequency group (697, 770, 852, 941), and 1477 Hz lies in the high-frequency group (1209, 1336, 1477, 1633). The pair (770, 1477) corresponds to the digit '6' on a telephone keypad."
810684_tone4,6,6,"[770.0, 1477.0]","By examining the two dominant peaks on the frequency spectrum, the lower peak is at approximately 770 Hz and the higher peak is at approximately 1477 Hz. Within the standard DTMF frequency grid, 770 Hz belongs to the low-frequency row corresponding to digits 4, 5, or 6, and 1477 Hz belongs to the high-frequency column corresponding to digits 3, 6, or 9. The intersection of these pairs is the digit 6."
7964#5_tone3,6,6,"[770.0, 1477.0]","From standard DTMF tone assignments, the four low frequencies are 697 Hz, 770 Hz, 852 Hz, and 941 Hz. The four high frequencies are 1209 Hz, 1336 Hz, 1477 Hz, and 1633 Hz. By observing the two peaks in the plot near 770 Hz and 1477 Hz, we can match these frequencies to the ‘6’ key on a telephone keypad."
*7706*_tone5,6,6,"[770.0, 1477.0]","From the plot, the two dominant peaks appear at approximately 770 Hz and 1477 Hz. According to standard DTMF frequencies, the rows are (697 Hz, 770 Hz, 852 Hz, 941 Hz) and the columns are (1209 Hz, 1336 Hz, 1477 Hz, 1633 Hz). The pair (770 Hz, 1477 Hz) corresponds to the key '6' in the DTMF keypad layout."
9966*2_tone3,6,6,"[770.0, 1477.0]","By examining the DTMF spectrum, we see two distinct peaks: one near 770 Hz (the low-band frequency) and another near 1477 Hz (the high-band frequency). According to the DTMF standard, the combination of 770 Hz and 1477 Hz corresponds to the '6' key."
694645_tone4,6,6,"[770.0, 1477.0]","From the DTMF standard, the low-frequency group is 697 Hz, 770 Hz, 852 Hz, and 941 Hz, and the high-frequency group is 1209 Hz, 1336 Hz, 1477 Hz, and 1633 Hz. A plot showing peaks near 770 Hz and 1477 Hz corresponds to the digit ‘6’ on the telephone keypad."
#66527_tone2,6,6,"[770.0, 1477.0]","By examining the DTMF standard matrix, we note that the low-frequency group is 697 Hz, 770 Hz, 852 Hz, and 941 Hz, and the high-frequency group is 1209 Hz, 1336 Hz, 1477 Hz, and 1633 Hz. The plot clearly shows two peaks around 770 Hz and 1477 Hz, which correspond to the DTMF combination for the digit '6'."
0638*6_tone6,6,6,"[770.0, 1477.0]","By examining the plot, there are two prominent peaks: one near 770 Hz and another near 1477 Hz. In the standard DTMF layout, 770 Hz is one of the lower group frequencies, and 1477 Hz is one of the upper group frequencies. Referring to the DTMF frequency chart, the combination of 770 Hz (lower frequency) and 1477 Hz (upper frequency) corresponds to the key '6'."
*23684_tone4,6,6,"[770.0, 1477.0]","By examining the two prominent peaks on the plot, the first appears very close to 770 Hz (the low-frequency group) and the second around 1477 Hz (the high-frequency group). In DTMF encoding, the combination of 770 Hz and 1477 Hz corresponds to the '6' key."
#69387_tone2,6,6,"[770.0, 1477.0]","From inspection of common DTMF frequency pairs, the two peaks at approximately 770 Hz (the low group) and 1477 Hz (the high group) correspond to the standard DTMF frequencies for the '6' key. DTMF sets the low group at 697, 770, 852, 941 Hz, and the high group at 1209, 1336, 1477, 1633 Hz. Matching the observed peaks to these standard frequencies identifies the key as '6'."
#64076_tone5,7,4,"[770.0, 1209.0]","From the DTMF table, the four possible low-band frequencies (697, 770, 852, 941 Hz) combine with the four high-band frequencies (1209, 1336, 1477, 1633 Hz) to form each dialed key. In this plot, the lower peak appears near 770 Hz, and the higher peak near 1209 Hz, which corresponds to the DTMF key '4.'"
857731_tone4,7,4,"[770.0, 1209.0]","From the graph, the lower-frequency peak is near 770 Hz, and the higher-frequency peak is near 1209 Hz. In the standard DTMF scheme, the row-frequency group (697, 770, 852, 941 Hz) and the column-frequency group (1209, 1336, 1477, 1633 Hz) together uniquely identify a phone keypad button. The pair 770 and 1209 Hz corresponds to the digit '4'."
2*5827_tone6,7,4,"[770.0, 1209.0]","By inspecting the frequency‐domain plot, the lower peak is at approximately 770 Hz and the upper peak is at about 1209 Hz. Those two particular frequencies (770 and 1209) correspond to the DTMF pair for the '4' key on a touch‐tone keypad."
867787_tone6,7,4,"[770.0, 1209.0]","By inspecting the DTMF frequency chart, the lower peak is approximately 770 Hz and the higher peak around 1209 Hz. These two frequencies uniquely map to the digit '4' on a standard telephone keypad (row = 770 Hz, column = 1209 Hz)."
71#480_tone1,7,4,"[770.0, 1209.0]","From the DTMF standard, the low-frequency group (697 Hz, 770 Hz, 852 Hz, 941 Hz) and the high-frequency group (1209 Hz, 1336 Hz, 1477 Hz, 1633 Hz) define which key is pressed. In this plot, the lower peak is around 770 Hz and the higher peak is around 1209 Hz. The combination 770 Hz / 1209 Hz corresponds to the '4' key."
972735_tone4,7,4,"[770.0, 1209.0]","From examining the plot, there are two clear peaks in the DTMF range: one around 770 Hz and the other just above 1200 Hz. In the standard DTMF frequency groups, the lower row frequencies are 697, 770, 852, and 941 Hz, while the upper column frequencies are 1209, 1336, 1477, and 1633 Hz. The pair (770, 1209) corresponds to the '4' key."
757001_tone1,7,4,"[770.0, 1209.0]","By examining the DTMF tone standard, the low group consists of 697 Hz, 770 Hz, 852 Hz, and 941 Hz, and the high group is 1209 Hz, 1336 Hz, 1477 Hz, and 1633 Hz. From the spectrum plot, the lower peak is near 770 Hz, while the higher peak is near 1209 Hz. This combination (770 and 1209) corresponds to the '4' key in the telephone keypad layout."
97*8#9_tone2,7,4,"[770.0, 1209.0]","By inspecting the spectrum, there are two prominent peaks near 770 Hz and 1209 Hz. In the DTMF standard, the low group frequencies (697 Hz, 770 Hz, 852 Hz, 941 Hz) combine with the high group frequencies (1209 Hz, 1336 Hz, 1477 Hz, 1633 Hz) to encode different keypad digits. The pairing of 770 Hz (second row) and 1209 Hz (first column) corresponds to the digit '4.'"
754#99_tone1,7,4,"[770.0, 1209.0]","Visual inspection of the peaks shows one just under 800 Hz (≈770 Hz) and a second just over 1200 Hz (≈1209 Hz). In the DTMF standard, the low ‘row’ frequencies are {697, 770, 852, 941} Hz and the high ‘column’ frequencies are {1209, 1336, 1477, 1633} Hz. The pair (770 Hz, 1209 Hz) corresponds to the '4' key."
7*0*#*_tone1,7,4,"[770.0, 1209.0]","From inspection of the plot, the lower‐frequency peak is just above 750 Hz (consistent with the standard 770 Hz in DTMF), and the higher‐frequency peak is just under 1250 Hz (consistent with the standard 1209 Hz). In the DTMF keypad layout, the combination of 770 Hz (row) and 1209 Hz (column) corresponds to the digit '4'."
2347*1_tone4,7,4,"[770.0, 1209.0]","By examining the DTMF standard, the rows are typically at 697 Hz, 770 Hz, 852 Hz, or 941 Hz, and the columns at 1209 Hz, 1336 Hz, 1477 Hz, or 1633 Hz. This plot’s two dominant peaks appear near 770 Hz and 1209 Hz, which corresponds to the DTMF ‘4’."
775036_tone2,7,4,"[770.0, 1209.0]","From the DTMF standard, the row frequencies are 697 Hz, 770 Hz, 852 Hz, 941 Hz and the column frequencies are 1209 Hz, 1336 Hz, 1477 Hz, 1633 Hz. The plot shows two distinct peaks: one near 770 Hz and another near 1209 Hz. Those two frequencies map to the '4' key on a telephone keypad."
42278*_tone4,7,4,"[770.0, 1209.0]","From the standard DTMF sets, the row frequencies are approximately 697 Hz, 770 Hz, 852 Hz, and 941 Hz. The column frequencies are 1209 Hz, 1336 Hz, 1477 Hz, and 1633 Hz. From the peaks shown in the spectrum, one peak (≈770 Hz) aligns with the second DTMF row, while the other peak (≈1209 Hz) aligns with the first DTMF column. The key in the DTMF table that corresponds to these two frequencies is '4.'"
7277*1_tone3,7,4,"[770.0, 1209.0]","By examining the spectrum, there are two clear peaks. Their frequencies, read from the horizontal axis, are very close to 770 Hz and 1209 Hz. In the standard DTMF layout, 770 Hz is a row frequency and 1209 Hz is a column frequency. Combining those matches the '4' key."
2#7*27_tone3,7,4,"[770.0, 1209.0]","From the DTMF standards, the low group (697 Hz, 770 Hz, 852 Hz, 941 Hz) combines with the high group (1209 Hz, 1336 Hz, 1477 Hz, 1633 Hz). The plot shows two clear peaks near 770 Hz and 1209 Hz. According to the DTMF frequency table, that corresponds to the digit '4.'"
#97*1*_tone3,7,4,"[770.0, 1209.0]","From the standard DTMF frequency table, the valid low-band frequencies are 697 Hz, 770 Hz, 852 Hz, and 941 Hz, while the high-band frequencies are 1209 Hz, 1336 Hz, 1477 Hz, and 1633 Hz. The plot shows two prominent peaks at approximately 770 Hz and 1209 Hz. Matching these to the DTMF pairs reveals that 770 Hz (row frequency) and 1209 Hz (column frequency) correspond to the '4' key."
9#*879_tone5,7,4,"[770.0, 1209.0]","From inspection, the first peak is near 770 Hz (one of the low-band DTMF frequencies) and the second peak near 1209 Hz (a corresponding high-band frequency). The standard mapping of DTMF frequencies associates 770 Hz with the ‘middle row’ (4, 5, 6, B) and 1209 Hz with the ‘left-most column.’ Together, these identify the DTMF key '4'."
685*72_tone5,7,4,"[770.0, 1209.0]","By examining the two main peaks in the spectrum, we see one around 770 Hz (a standard low-group DTMF tone) and the other near 1209 Hz (a standard high-group tone). According to the DTMF keypad layout, the combination of 770 Hz (row) and 1209 Hz (column) corresponds to the digit ‘4’."
417974_tone3,7,4,"[770.0, 1209.0]","From the DTMF standard, the four possible low-group frequencies are 697, 770, 852, and 941 Hz, and the four possible high-group frequencies are 1209, 1336, 1477, and 1633 Hz. The plot shows two strong peaks near 770 Hz and 1209 Hz. In DTMF, the combination (770 Hz, 1209 Hz) corresponds to the “4” key on the telephone keypad. Thus, by identifying the main peaks and matching them to the standard row and column frequencies, we deduce that the key pressed is ‘4’."
745567_tone6,7,4,"[770.0, 1209.0]","By examining common DTMF (Dual-Tone Multi-Frequency) pairs, we look for a matching ‘low group’ frequency (697 Hz, 770 Hz, 852 Hz, or 941 Hz) and a ‘high group’ frequency (1209 Hz, 1336 Hz, 1477 Hz, or 1633 Hz). In this plot, the left peak is around 770 Hz and the right peak is around 1209 Hz. According to the standard keypad mapping, the pair (770 Hz, 1209 Hz) corresponds to the digit '4'."
*9#682_tone5,8,4,"[770.0, 1209.0]","By examining the two prominent peaks in the plot, their frequencies align closely with the standard DTMF row frequency of 770 Hz and column frequency of 1209 Hz. In the DTMF layout, the combination (770 Hz, 1209 Hz) corresponds to the '4' key."
606899_tone4,8,5,"[770.0, 1336.0]","From the plot, there are clearly two dominant peaks. By measuring the x-axis values where the amplitude is highest, the lower-frequency peak lies near 770 Hz while the higher-frequency peak lies near 1336 Hz. In the DTMF standard, 770 Hz corresponds to the second row (digits 4, 5, 6) and 1336 Hz corresponds to the second column (digits 2, 5, 8, 0). The only digit in row 770 and column 1336 is '5'."
0#0882_tone4,8,5,"[770.0, 1336.0]","By examining the plot, there appear to be two prominent frequency peaks: one near 770 Hz and the other near 1336 Hz. In the DTMF (Dual Tone Multi-Frequency) standard, the rows (low group) are usually 697, 770, 852, and 941 Hz, while the columns (high group) are 1209, 1336, 1477, and 1633 Hz. The combination of 770 Hz (row 2) and 1336 Hz (column 2) corresponds to the '5' key."
43#859_tone4,8,5,"[770.0, 1336.0]","From the standard set of DTMF tones, low-group frequencies include 697 Hz, 770 Hz, 852 Hz, and 941 Hz; high-group frequencies include 1209 Hz, 1336 Hz, 1477 Hz, and 1633 Hz. Here, the spectrum clearly shows peaks at approximately 770 Hz and 1336 Hz. The DTMF assignment for this combination is the '5' key."
8*6505_tone1,8,5,"[770.0, 1336.0]","By examining the plot, there are two clear peaks. One is just below 800 Hz, and the other is around 1300–1400 Hz. In the standard DTMF layout, 770 Hz is the second row frequency, and 1336 Hz is the second column frequency. That specific row-column combination corresponds to the '5' key on a phone keypad."
992886_tone5,8,5,"[770.0, 1336.0]","From the DTMF standard, the low-frequency group contains 697Hz, 770Hz, 852Hz, and 941Hz, and the high-frequency group contains 1209Hz, 1336Hz, 1477Hz, and 1633Hz. The plot shows two clear peaks near 770Hz and 1336Hz. This frequency combination (770Hz from the low group and 1336Hz from the high group) corresponds to the DTMF key '5'."
8*0716_tone1,8,5,"[770.0, 1336.0]","From standard DTMF tables, the low-frequency group contains 697, 770, 852, or 941 Hz, and the high-frequency group contains 1209, 1336, 1477, or 1633 Hz. By inspecting the plotted peaks (one just above 750 Hz and the other around 1300 Hz), we match them most closely to 770 Hz and 1336 Hz. In the DTMF keypad layout, that corresponds to the digit '5.'"
810684_tone5,8,4,"[770.0, 1209.0]","From the DTMF frequency grid, the typical low-group frequencies are 697, 770, 852, and 941 Hz, while the high-group frequencies are 1209, 1336, 1477, and 1633 Hz. Inspecting the plot reveals a first peak near 770 Hz and a second peak near 1209 Hz. These two frequencies correspond to the DTMF representation of the digit '4'."
288#6*_tone3,8,4,"[770.0, 1270.0]","By inspection of the DTMF row/column frequencies, the lower peak (~770 Hz) matches the standard row frequency for digits 4, 5, and 6, while the upper peak (~1270 Hz) lies between the standard column frequencies of 1209 Hz and 1336 Hz. Because 1270 Hz is slightly closer to 1209 Hz than to 1336 Hz, this pair (770 Hz, 1209 Hz) corresponds most closely to the '4' key."
#89649_tone2,8,4,"[770.0, 1209.0]","From visual inspection of the plot, the lower‐frequency peak is just under 800 Hz, aligning closely with 770 Hz (the second DTMF row), and the higher‐frequency peak is near 1200 Hz, consistent with the 1209 Hz column frequency. In the DTMF standard, the 770 Hz row and 1209 Hz column uniquely identify the '4' key."
78318*_tone2,8,5,"[770.0, 1336.0]","By visually inspecting the spectrum, the lower-frequency peak is near 770 Hz (the standard DTMF “row 2” frequency), and the higher-frequency peak is near 1336 Hz (the standard DTMF “column 2” frequency). In the DTMF layout, the combination of 770 Hz and 1336 Hz corresponds to the digit '5'."
828462_tone1,8,5,"[770.0, 1336.0]","Two prominent peaks appear near 770 Hz and 1336 Hz. According to the standard DTMF table, 770 Hz is the second-row frequency, and 1336 Hz is the second-column frequency. That combination corresponds to the digit '5'."
65835*_tone3,8,5,"[770.0, 1336.0]","From the standard DTMF table, the rows correspond to approximately 697 Hz, 770 Hz, 852 Hz, and 941 Hz, while the columns correspond to about 1209 Hz, 1336 Hz, 1477 Hz, and 1633 Hz. In the provided spectrum, the lower peak sits very close to 770 Hz and the higher peak near 1336 Hz. That combination maps to the digit '5' in the DTMF keypad layout."
875809_tone1,8,5,"[770.0, 1336.0]","From a standard DTMF reference, 770 Hz belongs to the second-lowest row frequency and 1336 Hz to the second-highest column frequency. That pairing (770+1336) uniquely corresponds to the DTMF key '5'. Looking at the plot, the left peak is just above 750 Hz (consistent with 770 Hz) and the right peak is around 1336 Hz."
600830_tone4,8,5,"[770.0, 1336.0]","By inspecting the plot, the lower peak is near 770 Hz and the upper peak is near 1336 Hz. In the DTMF standard, 770 Hz is the ‘row 2’ frequency (shared by digits 4, 5, 6, B), and 1336 Hz is the ‘column 2’ frequency (shared by digits 2, 5, 8, 0). The only digit that uses both 770 Hz and 1336 Hz simultaneously is 5."
82583#_tone4,8,4,"[770.0, 1209.0]","By examining standard DTMF frequency pairs, one of the typical row frequencies is around 770 Hz, and one of the standard column frequencies is 1209 Hz. From the plot, the first peak is near 770 Hz and the second peak is near 1209 Hz, which maps to the '4' key in the classic telephone keypad layout."
992886_tone4,8,4,"[770.0, 1209.0]","From the DTMF standard, the four possible row frequencies are approximately 697 Hz, 770 Hz, 852 Hz, and 941 Hz; the four column frequencies are 1209 Hz, 1336 Hz, 1477 Hz, and 1633 Hz. In the given plot, the lower peak is near 770 Hz and the higher peak is just above 1200 Hz (closest to 1209 Hz). The combination 770 Hz and 1209 Hz corresponds to the DTMF key '4.'"
085*82_tone5,8,5,"[770.0, 1336.0]","By visually inspecting the frequency spectrum, the lower peak is near 770 Hz and the higher peak is near 1336 Hz. According to the DTMF standard, the combination of 770 Hz (row) and 1336 Hz (column) corresponds to the '5' key."
78318*_tone5,8,4,"[770.0, 1209.0]","From the standard DTMF rows (697, 770, 852, 941 Hz) and columns (1209, 1336, 1477, 1633 Hz), the two strong frequency peaks in the plot occur at approximately 770 Hz and 1209 Hz. This combination corresponds to the row-2 (770 Hz) / column-1 (1209 Hz) pair, which is assigned to the digit '4' on a telephone keypad."
844*16_tone1,8,5,"[770.0, 1336.0]","From standard DTMF tables, the low-frequency group (697, 770, 852, 941 Hz) and high-frequency group (1209, 1336, 1477, 1633 Hz) are used to encode keys. By matching the first peak (~770 Hz) to the low-frequency group and the second peak (~1336 Hz) to the high-frequency group, the pair maps to the digit '5' on a telephone keypad."
800529_tone6,9,6,"[770.0, 1477.0]","By inspection of common DTMF row frequencies (697, 770, 852, 941 Hz) and column frequencies (1209, 1336, 1477, 1633 Hz), the first peak near 770 Hz matches the second row frequency and the second peak near 1477 Hz matches the third column frequency. According to the DTMF layout, that combination (770, 1477) corresponds to the key '6'."
1*5909_tone4,9,6,"[770.0, 1477.0]","By inspecting the plot, the two largest peaks occur just below 800 Hz and just above 1400 Hz. In DTMF, the low-group frequencies are 697, 770, 852, and 941 Hz, while the high-group frequencies are 1209, 1336, 1477, and 1633 Hz. The best match for the approximate 770 Hz low tone and 1477 Hz high tone is the digit '6' on the standard telephone keypad."
606899_tone6,9,6,"[770.0, 1477.0]","From the DTMF standard, the lower-frequency group (697 Hz, 770 Hz, 852 Hz, 941 Hz) and the higher-frequency group (1209 Hz, 1336 Hz, 1477 Hz, 1633 Hz) are paired to produce keys. The two dominant peaks in the plot appear near 770 Hz and 1477 Hz, which map to the digit ‘6’ on the keypad."
799292_tone5,9,6,"[770.0, 1477.0]","By looking at the prominent peaks on the spectrum, we can estimate the main frequencies at roughly 770 Hz (from the DTMF low group) and 1477 Hz (from the high group). In the standard DTMF layout, combining 770 Hz (second row) with 1477 Hz (third column) corresponds to the '6' key."
903637_tone1,9,6,"[770.0, 1477.0]","From the plot, there are two strong peaks: one in the low row-frequency range near 770 Hz and another in the high column-frequency range near 1477 Hz. In the DTMF system, the pair (770 Hz, 1477 Hz) corresponds to the '6' key. The low group (697, 770, 852, 941 Hz) and high group (1209, 1336, 1477, 1633 Hz) define which digit is pressed. Matching 770 Hz in the low group with 1477 Hz in the high group confidently identifies key '6'."
091787_tone2,9,6,"[770.0, 1477.0]","By examining the spectrum, there are clearly two dominant peaks. They lie near 770 Hz and 1477 Hz, which are standard DTMF row and column frequencies respectively. Combining the row frequency of 770 Hz with the column frequency of 1477 Hz corresponds to the digit '6'."
#35907_tone4,9,6,"[770.0, 1477.0]","From the DTMF tables, the rows are typically 697Hz, 770Hz, 852Hz, or 941Hz and the columns are 1209Hz, 1336Hz, 1477Hz, or 1633Hz. In this plot, the left peak is about 770Hz (second row) and the right peak is about 1477Hz (third column). That combination (770Hz, 1477Hz) corresponds to the key '6'."
70##99_tone6,9,6,"[770.0, 1477.0]","From the plot, two distinct peaks are visible: the first near 770 Hz and the second near 1477 Hz. In the standard DTMF scheme, 770 Hz is the second-row ‘low group’ frequency and 1477 Hz is the third-column ‘high group’ frequency. This combination corresponds to the DTMF digit '6'."
8#3259_tone6,9,6,"[770.0, 1477.0]","By examining the DTMF frequency chart, the lower-frequency group (row) includes 697 Hz, 770 Hz, 852 Hz, and 941 Hz, while the higher-frequency group (column) includes 1209 Hz, 1336 Hz, 1477 Hz, and 1633 Hz. From the plot, the two peaks align most closely with 770 Hz and 1477 Hz. According to the standard DTMF assignment, this frequency pair corresponds to the '6' key."
9#*879_tone1,9,6,"[770.0, 1477.0]","From the DTMF standard, the low-frequency groups are 697 Hz, 770 Hz, 852 Hz, and 941 Hz, while the high-frequency groups are 1209 Hz, 1336 Hz, 1477 Hz, and 1633 Hz. Visual inspection of the plot shows two prominent peaks around 770 Hz and 1477 Hz. Cross-referencing the DTMF keypad layout, the combination of 770 Hz (row 2) and 1477 Hz (column 3) corresponds to the digit 6."
749#56_tone3,9,6,"[770.0, 1477.0]","From the standard DTMF frequency pairs, the lower frequency is near 770 Hz and the higher frequency is near 1477 Hz. In DTMF, the combination of 770 Hz with 1477 Hz corresponds to the digit/key '6'."
6**979_tone6,9,6,"[770.0, 1477.0]","From inspection of the DTMF standard frequency chart, the lower peak (approximately 770 Hz) corresponds to the second row frequency (697 Hz, 770 Hz, 852 Hz, or 941 Hz). The higher peak (approximately 1477 Hz) corresponds to one of the column frequencies (1209 Hz, 1336 Hz, 1477 Hz, or 1633 Hz). The pair (770 Hz, 1477 Hz) maps to the digit '6' in the DTMF keypad layout."
121992_tone5,9,6,"[770.0, 1477.0]","By inspecting the plot, the lower frequency peak is slightly above 750 Hz—this points to the DTMF low band at 770 Hz. The higher frequency peak is just under 1500 Hz, which matches the DTMF high band at 1477 Hz. According to the standard DTMF mapping, the combination of 770 Hz and 1477 Hz corresponds to the keypad digit '6'."
99*1#2_tone1,9,6,"[770.0, 1477.0]","From the DTMF standard tables, the valid low-group frequencies are 697 Hz, 770 Hz, 852 Hz, and 941 Hz; the high-group frequencies are 1209 Hz, 1336 Hz, 1477 Hz, and 1633 Hz. The peaks in the provided spectrum appear closest to 770 Hz and 1477 Hz, which corresponds to the '6' key in the typical DTMF layout."
68*698_tone5,9,6,"[770.0, 1477.0]","From the DTMF standard frequencies for rows (697, 770, 852, 941 Hz) and columns (1209, 1336, 1477, 1633 Hz), the first peak near 770 Hz matches the second row frequency, and the second peak near 1477 Hz matches the third column frequency. Cross-referencing these gives the digit '6'."
199577_tone3,9,6,"[770.0, 1477.0]","By examining the plot, there are two prominent peaks—one near 770 Hz and the other near 1477 Hz. In the DTMF standard, 770 Hz corresponds to the second row, and 1477 Hz corresponds to the third column. The row/column combination (770 Hz, 1477 Hz) maps to the digit '6' on the telephone keypad."
594111_tone2,9,6,"[770.0, 1477.0]","From a visual inspection of the spectrum plot and comparison to standard DTMF frequencies, the lower peak (around 770 Hz) aligns with the 'low' DTMF row frequencies, and the higher peak (around 1477 Hz) aligns with the 'high' DTMF column frequencies. According to the standard DTMF layout, the row at 770 Hz and the column at 1477 Hz correspond to the '6' key."
227#90_tone5,9,6,"[770.0, 1477.0]","From standard DTMF tone assignments, the low-frequency group includes 697 Hz, 770 Hz, 852 Hz, and 941 Hz; the high-frequency group includes 1209 Hz, 1336 Hz, 1477 Hz, and 1633 Hz. On the plot, the lower peak appears near 770 Hz, and the higher peak appears near 1477 Hz. The DTMF keypad mapping for the row at 770 Hz and the column at 1477 Hz corresponds to the digit '6.'"
94#286_tone1,9,6,"[770.0, 1477.0]","From the DTMF standard, each key is encoded as one ‘low’ frequency (697, 770, 852, or 941 Hz) combined with one ‘high’ frequency (1209, 1336, 1477, or 1633 Hz). By inspecting the plot, the left peak is near 770 Hz while the right peak is near 1477 Hz. According to the DTMF layout, these two frequencies correspond to the digit ‘6’."
#69387_tone3,9,6,"[770.0, 1477.0]","From inspection of the plot, there are two dominant peaks: one near 770 Hz and another near 1477 Hz. DTMF row frequencies are (697, 770, 852, 941) Hz, and column frequencies are (1209, 1336, 1477, 1633) Hz. The combination of 770 Hz (2nd row) and 1477 Hz (3rd column) corresponds to the DTMF key '6'."
0209*0_tone5,*,*,"[941.0, 1209.0]","From inspection of the standard DTMF frequencies, the lower peak (≈941 Hz) matches the bottom row and the higher peak (≈1209 Hz) matches the leftmost column. In the standard DTMF layout, 941 Hz and 1209 Hz together correspond to the asterisk (*) key. The peaks are roughly 941 and 1209 hertz apart on the plot (difference of about 268 Hz), which aligns with this row/column pair in the DTMF frequency table."
2#**57_tone4,*,*,"[941.0, 1209.0]","From the plot, there are two clear peaks: one just below 950 Hz (matching the standard DTMF 'low group' frequency of 941 Hz) and one close to 1200 Hz (matching the 'high group' frequency of 1209 Hz). In the DTMF keypad layout, 941 Hz corresponds to the bottom row and 1209 Hz corresponds to the first column, whose intersection is the asterisk (*) key."
01*78*_tone3,*,*,"[941.0, 1209.0]","From visual inspection of the spectrum, there are two strong peaks, one near 940–950 Hz and another just above 1200 Hz. In standard DTMF, these map closely to the 941 Hz row frequency and the 1209 Hz column frequency. In the DTMF keypad layout, 941 Hz (row) combined with 1209 Hz (column) corresponds to the ‘*’ key."
1*0687_tone2,*,*,"[941.0, 1209.0]","From the standard DTMF frequency sets (697, 770, 852, 941 Hz in the low group and 1209, 1336, 1477, 1633 Hz in the high group), the two spectral peaks visible in the plot align most closely with 941 Hz (the lowest row frequency) and 1209 Hz (the leftmost column frequency). In the telephone keypad layout, that pair of frequencies corresponds to the ‘*’ key."
6##1*7_tone5,*,*,"[941.0, 1209.0]","From inspection of the plot’s two main peaks (one just under 1000 Hz and the other just over 1200 Hz), they closely match the standard DTMF ‘row’ frequency of 941 Hz and ‘column’ frequency of 1209 Hz. In the DTMF layout, the (941, 1209) pair corresponds to the ‘*’ key."
4**541_tone2,*,*,"[941.0, 1209.0]","From the standard DTMF keypad, row frequencies are typically one of 697Hz, 770Hz, 852Hz, or 941Hz, and column frequencies are typically 1209Hz, 1336Hz, 1477Hz, or 1633Hz. By observing that the two peaks in the plot lie closest to approximately 941Hz and 1209Hz, we match these with the known DTMF pair (941,1209). According to the DTMF layout, that pair corresponds to the '*' key."
8504*#_tone5,*,4,"[770.0, 1209.0]","By examining the DTMF standard row frequencies (697, 770, 852, 941 Hz) and column frequencies (1209, 1336, 1477, 1633 Hz), the two sharp peaks here match approximately 770 Hz and 1209 Hz. According to the DTMF layout, 770 Hz (row 2) and 1209 Hz (column 1) correspond to the digit '4'."
0**463_tone2,*,*,"[941.0, 1209.0]","By inspection of the standard DTMF frequency groups (697, 770, 852, 941 Hz for the low group and 1209, 1336, 1477, 1633 Hz for the high group), the plot shows two prominent peaks near 941 Hz and 1209 Hz. This combination uniquely corresponds to the '*' (star) key in the DTMF keypad mapping."
63247*_tone6,*,4,"[770.0, 1209.0]","From inspection, the lower-frequency peak aligns closely with 770 Hz and the higher-frequency peak with 1209 Hz. In the standard DTMF system, 770 Hz and 1209 Hz together correspond to the ‘4’ key. These two frequencies are precisely the row–column combination that encodes that digit."
46777*_tone6,*,*,"[941.0, 1209.0]","From the DTMF standard, the low‐group frequencies are 697, 770, 852, and 941 Hz, and the high‐group frequencies are 1209, 1336, 1477, and 1633 Hz. By examining the plot, the lower peak is just under 950 Hz (close to 941 Hz) and the higher peak is near 1200 Hz (close to 1209 Hz). The only standard DTMF digit that uses 941 Hz and 1209 Hz as its tone pair is the asterisk key ('*')."
23*1#4_tone3,*,*,"[941.0, 1209.0]","By inspecting the plot, the two largest peaks occur just below 1000 Hz and just above 1200 Hz. Comparing these to the standard DTMF tones shows that 941 Hz (fourth row frequency) and 1209 Hz (first column frequency) are the closest matches. In the DTMF keypad, this combination (941 Hz + 1209 Hz) corresponds to the '*' key."
0**787_tone2,*,*,"[941.0, 1209.0]","From standard DTMF assignments, the four low frequencies are 697, 770, 852, and 941 Hz, and the four high frequencies are 1209, 1336, 1477, and 1633 Hz. Inspecting the plot, the lower peak is very close to 941 Hz, and the higher peak is closest to 1209 Hz. According to the DTMF table, this combination (941 and 1209) corresponds to the '*' key."
*16*57_tone4,*,4,"[770.0, 1209.0]","By examining the plot, there are two clear peaks located near 770 Hz and 1209 Hz. These are standard DTMF row (770 Hz) and column (1209 Hz) frequencies. Referring to the standard DTMF mapping, 770 Hz (row) and 1209 Hz (column) correspond to the digit '4.'"
95323*_tone6,*,4,"[770.0, 1209.0]","By comparing the two prominent peaks in the spectrum with the standard DTMF frequency tables, the lower-frequency peak (just above 750 Hz) matches 770 Hz, while the higher-frequency peak (just under 1250 Hz) matches 1209 Hz. Those two frequencies together correspond to the DTMF digit '4.'"
3977**_tone5,*,*,"[941.0, 1209.0]","From inspection of the plot against the standard DTMF bands, the lower peak (≈941 Hz) matches the fourth row in the DTMF table, and the upper peak (≈1209 Hz) matches the first column. The (941, 1209) Hz pairing corresponds to the '*' key on a telephone keypad."
0638*6_tone5,*,*,"[941.0, 1209.0]","From the plot, there are two prominent peaks at approximately 941 Hz and 1209 Hz. In standard DTMF signaling, 941 Hz is in the lower-frequency group, and 1209 Hz is in the higher-frequency group. The combination of these two frequencies corresponds to the '*' key."
9050*3_tone5,*,*,"[941.0, 1209.0]","From the standard DTMF tables, the row frequencies are typically 697, 770, 852, and 941 Hz, and the column frequencies are 1209, 1336, 1477, and 1633 Hz. In this plot, the two noticeable peaks fall at approximately 941 Hz (low group) and 1209 Hz (high group). That specific pairing (941 & 1209 Hz) is used by the '*' key on a telephone keypad."
5183*8_tone5,*,4,"[770.0, 1209.0]","From standard DTMF practice, row frequencies lie near 697, 770, 852, or 941 Hz, and column frequencies near 1209, 1336, 1477, or 1633 Hz. In the plot, the left peak sits just above 750 Hz (close to 770 Hz), and the right peak is around 1200 Hz (close to 1209 Hz). That pairing (770 and 1209) corresponds to the digit '4' in the DTMF keypad."
351*12_tone4,*,*,"[941.0, 1209.0]","From the DTMF standard, the low-group tones are 697, 770, 852, and 941 Hz, while the high-group tones are 1209, 1336, 1477, and 1633 Hz. By inspecting the plot, the lower-frequency peak is just under 950 Hz (matching 941 Hz) and the higher-frequency peak is slightly above 1200 Hz (matching 1209 Hz). In the DTMF keypad layout, the 941 Hz row combined with the 1209 Hz column corresponds to the '*' key."
*2#98*_tone1,*,*,"[941.0, 1209.0]","From the standard ITU DTMF table, each key is encoded by one 'row' frequency (697, 770, 852, or 941 Hz) and one 'column' frequency (1209, 1336, 1477, or 1633 Hz). By examining this spectrum, the lower peak is near 941 Hz and the higher peak is near 1209 Hz. The DTMF pair (941, 1209) corresponds to the '*' key. The peaks need not match the standard values exactly, but they cluster close enough to identify them unambiguously."
754#99_tone4,#,6,"[770.0, 1477.0]","From the DTMF standard, the row-frequency candidates (697, 770, 852, 941 Hz) and the column-frequency candidates (1209, 1336, 1477, 1633 Hz) are compared with the observed plot peaks. The first peak around 770 Hz aligns with the row frequency for keys (4, 5, 6, B), and the second peak around 1477 Hz aligns with the column frequency for keys (3, 6, 9, #). The intersection of row = 770 Hz and column = 1477 Hz corresponds uniquely to the DTMF key '6'."
057*#4_tone5,#,#,"[941.0, 1477.0]","By examining the two prominent peaks in the spectrum, the lower-frequency peak occurs near 941 Hz and the higher-frequency peak near 1477 Hz. In the DTMF standard, 941 Hz belongs to the lowest 'row' group and 1477 Hz to the third 'column' group, whose combination corresponds to the '#' key."
0#0882_tone2,#,6,"[770.0, 1477.0]","By comparing the observed peaks to the standard DTMF frequency sets, we note that the lower-frequency peak (around 770 Hz) corresponds to the second row of the DTMF keypad, and the higher-frequency peak (around 1477 Hz) corresponds to the third column. The intersection of row=770 Hz and column=1477 Hz is the digit '6' in the DTMF layout."
6201#0_tone5,#,#,"[941.0, 1477.0]","From inspection of the DTMF spectrum, there are two prominent peaks near 941 Hz and 1477 Hz. In standard DTMF tables, that low–high frequency pair corresponds to the ‘#’ key. The lower peak (≈941 Hz) is in the low band (697, 770, 852, 941), and the higher peak (≈1477 Hz) is in the high band (1209, 1336, 1477, 1633), unambiguously identifying the '#' tone."
#1674*_tone1,#,#,"[941.0, 1477.0]","From standard DTMF tables, the four row frequencies are 697, 770, 852, and 941 Hz, while the four column frequencies are 1209, 1336, 1477, and 1633 Hz. Inspection of the graph indicates peaks at approximately 941 Hz in the low group and 1477 Hz in the high group. Referring to the DTMF keypad layout, these two frequencies map to the '#' key."
9#599#_tone2,#,#,"[941.0, 1477.0]","From the DTMF standard, the row frequencies are 697, 770, 852, and 941 Hz; the column frequencies are 1209, 1336, 1477, and 1633 Hz. In the provided spectrum, the first peak appears near 941 Hz and the second near 1477 Hz, which corresponds to the '#' key on a telephone keypad."
263##5_tone4,#,#,"[941.0, 1477.0]","DTMF tones use one ""low"" frequency and one ""high"" frequency to identify each keypad digit. Standard low frequencies are 697 Hz, 770 Hz, 852 Hz, and 941 Hz, while the high frequencies are 1209 Hz, 1336 Hz, 1477 Hz, and 1633 Hz. From the plot, the lower peak is near 941 Hz and the higher peak is near 1477 Hz. That particular combination (941 Hz + 1477 Hz) corresponds to the '#' key."
03#93*_tone3,#,#,"[941.0, 1477.0]","By inspection of the spectrum, there are two dominant peaks: one slightly below 1000 Hz (close to the DTMF row-frequency of 941 Hz) and one near 1500 Hz (close to the DTMF column-frequency of 1477 Hz). In DTMF standards, the combination of 941 Hz (lowest row) and 1477 Hz (highest column) corresponds to the '#' key."
6*#239_tone3,#,3,"[770.0, 1477.0]","Two distinct peaks are visible in the frequency spectrum: one near 770 Hz (the low group) and another near 1477 Hz (the high group). According to the DTMF standard, the combination of 770 Hz and 1477 Hz corresponds to the digit '3'."
2452#5_tone5,#,6,"[770.0, 1477.0]","From the plotted spectrum, there are two clear peaks: one near 770 Hz and another near 1477 Hz. In DTMF, 770 Hz is the second row frequency and 1477 Hz is the third column frequency. According to the standard DTMF keypad layout, combining row=770 Hz and column=1477 Hz corresponds to the digit '6'."
025#4#_tone4,#,#,"[1000.0, 1500.0]","By inspection of the plotted spectrum, there are two prominent peaks: one near 1000 Hz and another near 1500 Hz. DTMF tones map to specific low/high frequency pairs. Although 1000 Hz and 1500 Hz are not the exact standard DTMF values (which would be 941 Hz and 1477 Hz), they are close enough that the best match is the '#' key, which corresponds to the 941/1477 Hz pair."
97*8#9_tone5,#,#,"[941.0, 1477.0]","From the standard DTMF low-frequency group (697, 770, 852, 941 Hz), the peak near 940–950 Hz aligns with 941 Hz. From the high-frequency group (1209, 1336, 1477, 1633 Hz), the peak near 1500 Hz aligns with 1477 Hz. The DTMF button corresponding to the frequency pair (941, 1477) is the '#' key."
7964#5_tone5,#,#,"[941.0, 1477.0]","By comparing the two prominent peak frequencies against the standard DTMF sets, we see one peak close to the highest standard row frequency of 941 Hz and the other near the column frequency of 1477 Hz. In the DTMF keypad layout, the combination (941, 1477) corresponds to the ‘#’ key."
99*1#2_tone5,#,#,"[941.0, 1477.0]","From visual inspection of the plot, the lower‐frequency peak is just below 1000 Hz, which best matches the standard DTMF ‘low‐band’ frequency of 941 Hz. The higher‐frequency peak is near 1500 Hz, which aligns well with the standard DTMF ‘high‐band’ frequency of 1477 Hz. In the DTMF keypad layout, the combination (941 Hz, 1477 Hz) corresponds to the ‘#’ key."
477#27_tone4,#,6,"[770.0, 1477.0]","From the standard DTMF frequency table, the low-frequency group is {697 Hz, 770 Hz, 852 Hz, 941 Hz} and the high-frequency group is {1209 Hz, 1336 Hz, 1477 Hz, 1633 Hz}. Inspecting the plot shows one peak around 770 Hz and the other around 1477 Hz. The combination (770, 1477) uniquely identifies the '6' key."
631*7#_tone6,#,#,"[941.0, 1477.0]","By examining the standard DTMF frequency sets (697 Hz, 770 Hz, 852 Hz, 941 Hz in the low group and 1209 Hz, 1336 Hz, 1477 Hz, 1633 Hz in the high group), the observed peaks around 941 Hz and 1477 Hz match precisely the pair associated with the ‘#’ key."
*#6736_tone2,#,#,"[941.0, 1477.0]","DTMF tones are formed by combining one frequency from the low group (697, 770, 852, 941 Hz) and one from the high group (1209, 1336, 1477, 1633 Hz). Inspecting the plot, there are two distinct peaks: one just under 1000 Hz (closest standard DTMF low-band frequency is 941 Hz) and one around 1500 Hz (closest standard high-band frequency is 1477 Hz). This combination (941 Hz + 1477 Hz) corresponds to the ‘#’ key."
0#0#99_tone4,#,#,"[941.0, 1477.0]","From the plot, there are two primary peaks: one just below 1000 Hz (close to 941 Hz) and another near 1500 Hz (close to the DTMF standard 1477 Hz). DTMF codes pair one ‘row’ frequency and one ‘column’ frequency. The pair (941 Hz, 1477 Hz) corresponds to the ‘#’ key on a telephone keypad."
*5852#_tone6,#,#,"[980.0, 1485.0]","From the plot, there are two prominent peaks around 980 Hz and 1485 Hz. In standard DTMF, the nearest low-group frequency is 941 Hz and the nearest high-group frequency is 1477 Hz. Those two standard frequencies (941 and 1477) correspond to the '#' key on the telephone keypad. Although the measured peaks are slightly offset (which can happen due to sampling or signal imperfections), they are closest to 941 and 1477 Hz, indicating the '#' digit."
9#56*4_tone2,#,6,"[770.0, 1477.0]","The DTMF system uses a low-frequency group (697, 770, 852, and 941 Hz) and a high-frequency group (1209, 1336, 1477, and 1633 Hz). By plotting the signal’s spectrum, we see two peaks near 770 Hz and 1477 Hz. This exact combination corresponds to the digit '6' in the DTMF keypad layout."
