chunk_index,start_timestamp,end_timestamp,true_label,predicted_label,analysis
35,1498121563330,1498121573320,Still,Car,"The image shows a view from a street, looking straight out from what seems to be the height of a person in a vehicle. This view indicates that the photographer is likely at a higher vantage point consistent with being inside a car rather than walking or running. The fact that the street appears level without significant upward or downward angle suggests stability, which is consistent with being inside a stationary or slowly moving car. Additionally, there are other cars parked and moving on the road, supporting the notion that this image was taken from inside a car."
36,1498121573330,1498121583320,Still,Walking,"The image provides a street view with cars parked along the road and a sidewalk visible. The photo's perspective suggests it was taken at eye level, likely while the person was walking. If the person were in a car, the viewpoint might include more interior elements or be more enclosed. A 'Still' image likely would not show a progression of environment as this does, and while running, the image could be more blurred or focused on a narrower path. Thus, the signs point towards walking as the method of transportation."
37,1498121583330,1498121593320,Still,Walking,"To determine the person's transportation method, we analyze the attributes of the image captured from their perspective. The image shows a street environment, likely taken from the sidewalk given the angle and proximity to the road. The presence of nearby cars parked or moving suggests the person is not inside a vehicle. The perspective and angle indicate a low height from the ground, typical of walking, rather than being seated in a car. Additionally, the stationary nature of the environment in the frame rules out running as it would likely cause motion blur or a dynamic scene. Thus, the most probable transportation method is 'Walking.'"
38,1498121593330,1498121603320,Still,Still,"The photo shows a clear, stable image of a street with parked cars and buildings. The absence of motion blur and the clarity of the scene suggest that the person is not moving. This indicates they are most likely 'Still'. If the person were walking or running, there would typically be some motion blur or change in perspective. If they were in a car, one might expect some distortion or different dynamics in the scene. Thus, based on the visual evidence, the person appears to be stationary."
39,1498121603330,1498121613320,Still,Car,"The photo was taken from a perspective that suggests the person is inside a vehicle. The composition includes elements typical of looking out from a car window, such as visible roads and nearby parked cars at an angle and height consistent with sitting inside a vehicle. The stable view with no motion blur indicates the scene is likely observed while stationary or moving smoothly inside a car. Additionally, the presence of the road and other vehicles parked along it reinforces this interpretation."
40,1498121613330,1498121623320,Still,Still,"The image appears to be taken from a stationary viewpoint as there is no visible motion blur or signs of movement that are typical of walking or running. The camera perspective is consistent with a person standing still, observing the street scene. Additionally, the clear view of parked cars and the absence of dynamic elements in the foreground suggest the person is not in a moving vehicle either. Therefore, the most likely transportation method is 'Still'."
41,1498121623330,1498121633320,Still,Still,"1. The image shows a street scene, with cars and buildings visible, indicating a typical urban environment.
2. The perspective suggests the camera is static and low to the ground, possibly suggesting a standing position rather than a moving one.
3. There is no visible motion blur which might indicate movement, such as from walking or running.
4. If the person were in a car, more structural elements of a vehicle, such as a dashboard or window frames, would likely be visible.
5. The lack of motion indicators and the ground-level view suggest the individual was stationary when the photograph was taken."
42,1498121633330,1498121643320,Still,Car,"The photo shows a street with visible motion blur, suggesting the camera is moving at a speed higher than typical walking or running speeds. Furthermore, the camera's viewpoint is stable and consistent with the level of a seated position, which is commonly achieved inside a vehicle. The presence of cars on the road further supports the likelihood of the person being in a car. These factors together suggest the transportation method is most likely 'Car'."
43,1498121643330,1498121653320,Still,Walking,"The photo appears to be taken from a pedestrian perspective, suggesting the person is likely walking. The camera angle is low and directed towards the side of the road, common for someone walking on a sidewalk. Additionally, the presence of multiple cars on the road and the surrounding buildings suggest an urban environment where walking is a common mode of transport."
44,1498121653330,1498121663320,Still,Walking,"The image appears to be taken from a pedestrian's perspective on a sidewalk, with a clear view of parked and moving cars on the street. The height and angle suggest it was captured while standing or moving at a walking pace. The surroundings suggest a typical walking environment with pedestrian access, which supports the likelihood that the person is walking. Additionally, there are no signs indicating movement associated with higher speeds, such as being in a car, or a jogging/running stride."
45,1498121663330,1498121673320,Still,Walking,"1. The viewpoint suggests a chest-height camera, indicating the person is on foot rather than inside a vehicle.
2. The angle and framing of the photo suggest the person is stationary or moving slowly, typical for walking but not running.
3. There are cars in the environment, but they appear at a distance, suggesting the person is not inside any of them.
4. The image is taken from a pedestrian-type perspective close to the side of the street. This aligns with someone walking near the curb."
46,1498121673330,1498121683320,Still,Walking,"The image shows a street view from a low angle, suggesting the person is at ground level and not inside a vehicle. The presence of parked cars indicates it is taken on a sidewalk or similar pedestrian area. The angle and perspective do not show motion blur or signs of being inside a moving vehicle, which is likely if the person is walking. Additionally, there is no visible swaying or jerking common with running, nor is the image stationary for a derived 'still' state. Therefore, the most likely transportation method depicted is walking."
47,1498121683330,1498121693320,Still,Car,"The image appears to be taken from a low angle which is typical of a camera mounted on the torso of a person sitting. The environment shows the road and other cars, suggesting that the perspective is from inside a vehicle. There is no blur typical of walking or running, indicating the movement is steady, aligning with being in a car. The field of view and surroundings further support the likelihood of being in a vehicle, as standing on the road or walking would typically result in different visual perspectives and dynamics."
48,1498121693330,1498121703320,Still,Still,"The photo is evidently stable with no visible motion blur, suggesting that the person carrying the camera is stationary. Additionally, the perspective appears at a human-eye level rather than from within a vehicle. This is consistent with the 'Still' category. If the person were walking or running, we might expect some degree of motion blur or an altered angle and framing due to body movement. Similarly, if the person was in a car, the perspective would likely show road motion or relate more directly to a vehicle's interior or exterior movement. Hence, based on these observations, the most probable action identified is 'Still.'"
49,1498121703330,1498121713320,Still,Walking,"The photo shows a typical street scene with parked vehicles and shops, indicating an urban environment. The perspective suggests the camera is at a pedestrian-level height, likely above the ground and pointed directly forward. There are stationary cars, and the lack of visible motion blur typically suggests the person capturing the photo is either still or moving relatively slowly. The alignment with a walking path and the typical urban setting further implies walking rather than running, being still, or being in a car."
50,1498121713330,1498121723320,Still,Still,"1. The image depicts a street scene with stationary cars and buildings in the background, suggesting the camera is not in motion.
2. There is no noticeable motion blur or changes in perspective that would indicate movement such as walking, running, or driving in a car.
3. The camera angle and composition imply the person may be standing or sitting still, possibly observing the scene.

Based on these observations, the most likely category for the method of transportation is 'Still'."
51,1498121723330,1498121733320,Still,Still,"The image appears to be taken from a stationary perspective. The camera seems to be positioned at a low angle, similar to a view from a person standing still on the sidewalk. There is no visible motion blur in the image, which would typically indicate movement such as walking or running. Additionally, the alignment and focus on nearby objects suggest the camera is not within a moving vehicle. Therefore, the most likely scenario is that the person is standing still while taking the photo."
52,1498121733330,1498121743320,Still,Walking,"The image shows a typical street scene with parked cars and shops, suggesting an urban environment. The vantage point appears to be near street level, slightly above the height of a typical walking person. Therefore, the angle and height from which the photo is taken suggest that the individual is likely walking. Additionally, the image does not show any evidence of the individual being inside a vehicle (such as window frames or interior views) or clear motion blur that might indicate running or being in a fast-moving car. The relatively static nature of the surroundings implies the person is moving at a walking pace."
53,1498121743330,1498121753320,Still,Car,"The image suggests the person is likely inside a car. The perspective is low and captures the environment from a viewpoint consistent with being seated inside a vehicle. The presence of multiple parked and moving cars, as seen from the angle of the photo, supports this assessment. The visibility of the dashboard or interior window frame, often seen in photos from inside a car, adds to this conclusion."
54,1498121753330,1498121763320,Still,Car,"The environmental photo shows a view often associated with being inside a vehicle. The view is at a level that suggests the camera is not moving in a bipedal manner typical of walking or running. The presence of multiple cars on the road and the orientation of the camera suggest a roadside perspective, which is common when seated in a car. Additionally, the perspective looks stable and not indicative of motion blur or the dynamic movement associated with running or walking, supporting the conclusion that the person is likely in a car."
55,1498121763330,1498121818060,Still,Car,"The photo is taken from a perspective consistent with being inside a vehicle. The view captures a street with cars in a stationary position, suggesting the person is viewing through a window. The angle and framing indicate an elevated or seated position typical for viewing through a car window. Furthermore, there's no blur or motion streaks that might suggest higher speeds associated with running, nor is there a low angle or dynamic posture indicating walking. The visible dashboard and positioning imply the likelihood of a car being the mode of transportation."
521,1498128463460,1498128473450,Still,Still,"The image shows an environment that looks like a kitchen or workspace with various items in close proximity, such as a computer, a hand resting on a surface, and kitchen cabinets. The perspective and orientation suggest the camera is stationary. There are no indications of movement or motion blur that would suggest walking, running, or being inside a moving car. The presence of the person's arm resting on a surface indicates a lack of movement, pointing to the person being still."
522,1498128473460,1498128483450,Still,Still,"The environment photo shows an indoor setting with cabinets, a laptop, and a resting arm placed on a surface. There are no indications of movement, such as motion blur, which would be expected in scenarios like walking, running, or being in a car. The presence of a stable desk environment suggests the person is likely stationary, supporting the classification of the transportation method as 'Still'."
523,1498128483460,1498128493450,Still,Still,"The image shows a view of a kitchen or similar indoor setting, with a visible countertop and kitchen items like a coffee maker. The presence of a computer screen suggests stationary activity. The image is clear and not blurred, indicating lack of motion, and the environment does not appear to be one associated with transportation modes like walking, running, or being in a car. These observations suggest the person is likely stationary, or 'Still'."
524,1498128493460,1498128503450,Still,Still,"The image shows a stationary environment typical of being indoors, likely in a kitchen or home setting. The presence of a laptop on a countertop, dishes, and other kitchen items suggests that the person is not in motion. The person appears to be holding a piece of food, which further indicates a stationary activity. There are no visible indicators of movement such as blurred surroundings or outdoor elements associated with walking, running, or being in a car. Therefore, the most appropriate category is 'Still'."
525,1498128503460,1498128513450,Still,Still,"The environment in the image suggests the person is indoors, likely in a kitchen or dining area, with a laptop on the counter and various kitchen items. The presence of a hand holding food indicates the person is stationary and possibly engaged in eating or watching content on the laptop. There are no indications of movement such as blur or a changing environment that would suggest walking, running, or being in a car. Thus, the most likely transportation method is 'Still.'"
526,1498128513460,1498128523450,Still,Still,"The photo shows a kitchen environment with a laptop open on a counter, a hand holding food, and various kitchen items. The stability and positioning of the objects suggest the person is stationary. The angle of the photo and the presence of a laptop playing a video imply the user might be seated and watching the content while eating. There is no indication of movement such as motion blur or dynamic scenery changes that would imply walking, running, or being in a car."
527,1498128523460,1498128533450,Still,Still,"The image displays a static indoor environment, specifically a kitchen setting, with a laptop on the counter. There are no indications of motion such as blur or changes in perspective that typically accompany walking, running, or being in a car. The view suggests a stationary position in a home or office environment, consistent with the 'Still' category. The presence of a laptop on the counter, along with other kitchen items, further supports this interpretation as these are often associated with static activity, like working or resting at home."
528,1498128533460,1498128543450,Still,Still,"The image shows a kitchen environment with a laptop on a countertop. The objects appear stable and not in motion, suggesting that the photo was taken while the person was stationary. There are no visual cues indicating movement, such as motion blur or shifting perspectives typically associated with walking, running, or traveling in a car. The indoor setting also implies a likelihood that the person is not in a vehicle or moving environment, supporting 'Still' as the most probable category."
529,1498128543460,1498128553450,Still,Still,"The image depicts an indoor environment, likely a kitchen, with a laptop on the counter displaying a video. The presence of stationary objects such as a laptop, dishes, and a glass suggests the person is not in transit. If the person were walking, running, or in a car, the image would likely show motion blur or different, possibly outdoor scenery. The absence of signs of motion or a vehicular environment suggests that the person is stationary."
1,1498121209100,1498121219090,Walking,Still,"The image shows a static, clear view of a house exterior with well-defined objects in the foreground such as a fence, trash bags, and a garden. The image does not exhibit any motion blur, which is typically associated with walking, running, or traveling in a car. The presence of the finger partially covering the lens suggests a stationary position, as it indicates a casual or accidental capture rather than one taken during movement. These factors suggest that the individual is stationary or 'Still' when the photo was taken."
2,1498121219100,1498121229090,Walking,Still,"The image appears to have been taken from a stable position, indicating that the person was likely not moving or moving very slowly. There is no noticeable blur or motion in the environment, which would suggest movement if the person were walking, running, or in a car. The presence of a house and accumulated items in front suggests the person could be standing or stationary, perhaps observing or interacting with the surroundings. The overall composition of the image supports the conclusion that the person is still."
3,1498121229100,1498121239090,Walking,Car,"The photo shows a slightly blurry view of the environment, including cars parked along a road with residential buildings in the background. The perspective appears to be low, consistent with a torso-mounted camera in a seated position. The slight blur is indicative of motion, which is common when a photo is taken from a moving vehicle. The orientation and framing suggest the camera is inside a car, as it captures the roadside environment typically seen from a vehicle. The absence of typical walking or running visual cues, such as significant motion blur or changes in perspective, further supports this conclusion. Therefore, the person is likely being transported by car."
4,1498121239100,1498121249090,Walking,Car,"The photo shows a blurred view of the surrounding environment, which suggests motion. The angle and perspective are consistent with images typically captured from the inside of a car. The visibility of parked cars and the edges of the road indicate a common roadside scene observed from a vehicle window. The blur suggests the photo was taken while in motion, which usually implies vehicular travel rather than walking or running."
5,1498121249100,1498121259090,Walking,Car,"The image shows a blurred view with a car in the foreground, which suggests motion. The background, consisting of houses and trees, is slightly blurred, indicating that the camera was likely moving at a speed associated with vehicular travel. The angle and perspective are consistent with a camera position inside a car, potentially facing the side window. These factors collectively indicate that the person was likely in a car when this photo was taken."
6,1498121259100,1498121269090,Walking,Still,"The provided image is blurred with no distinct features visible. This lack of visible environmental context suggests minimal movement, as significant motion would often result in some discernible patterns or changes in the visual dataset captured. Given the categories of transportation to classify into, 'Still' is the most appropriate label. If there was movement, especially running or walking, some recognizable patterns or recurring structures would typically be seen, whereas a car ride might show motion blur with distinct linear patterns from passing environments. The absence of any such features points to the possibility of the camera being immobile."
7,1498121269100,1498121279090,Walking,Still,"Based on the provided image, which is mostly blurred and lacks distinctive features of movement or a recognizable environment, it suggests a lack of motion that would typically be associated with traveling by foot, running, or in a vehicle. In cases where the image is blurry or indistinct like this, it often indicates minimal movement, pointing towards the 'Still' category. A moving environment, such as while walking, running, or in a car, would likely present more dynamic visual cues or a landscape. Since these cues are absent, 'Still' is the most logical categorization."
8,1498121279100,1498121289090,Walking,Still,"The image is blurred, which makes it difficult to extract information about motion or the environment. The blur could suggest some movement, but it is indistinct and does not provide specifics on direction or speed. Since there are no clear indicators of walking, running, or being in a vehicle, the safest assumption is that the person is currently not moving or slightly shifting position, hence the label 'Still'."
9,1498121289100,1498121299090,Walking,Car,"The image shows a slightly blurred view of the surroundings, indicative of motion. The blur is consistent across the image, suggesting that the person is moving at a speed faster than typical walking or running. The environment shows a residential area as viewed from what appears to be a street, implying transportation through a vehicle. The consistent moderate blur across various elements, without the vertical instability often associated with walking or running, points to the use of a vehicle. Hence, the likely mode of transportation is a car."
10,1498121299100,1498121309090,Walking,Car,"The image exhibits a noticeable motion blur, which is a common artifact when a photo is taken from a moving vehicle. This type of blur is typically present when the camera movement speed is high, such as when in a car. The background elements like the houses and garden plants are blurred horizontally, suggesting the lateral motion consistent with being in a vehicle. A walking or running action would introduce a different type of blur or focus more on the ground. Meanwhile, a 'still' action would capture a clear, non-blurred image. Therefore, the conditions depicted suggest that the person was likely in a car."
11,1498121309100,1498121319090,Walking,Car,"The photo shows a motion blur, which indicates movement at a speed faster than typical walking or running. The environment suggests a view one might see from a passenger riding in a vehicle. The blur and angle of the captured scene are consistent with the viewpoint from a vehicle moving along a street. If the person were still, walking, or running, the image would likely be clearer or exhibit a different type or amount of motion blur. Therefore, the person's transportation method is most likely by car."
12,1498121319100,1498121329090,Walking,Walking,"The photo shows signs of motion, indicated by the blur in the image. This blur is characteristic of moderate movement typically associated with walking. The angle and framing of the photo suggest the image was taken dynamically rather than from a stable position, ruling out 'Still.' The blur isn't extreme or long enough for 'Run,' and the perspective does not suggest a forward-facing, seated view typical of a 'Car' scenario. Therefore, 'Walking' is the most probable category."
13,1498121329100,1498121339090,Walking,Walking,"The image shows a slightly blurred view of the environment, suggesting movement. The presence of a brick wall and houses indicates an outdoor setting typical for walking or running. However, the degree of blur is moderate, implying a walking speed rather than running or being in a fast-moving car. If the person were still, the image would be sharper and more focused, and if they were in a car, significant motion blur or view from a different angle could be expected. Therefore, the posture and environment are consistent with walking."
14,1498121339100,1498121349090,Walking,Walking,"The image shows a blurred, tilted view of a street or pathway with a brick wall and nearby vegetation, suggesting movement. The tilt and angle of the camera suggest that it might be attached to a person. The visible surroundings and level of blur are consistent with walking, where the camera experiences regular small movements and slight changes in angle. If the person were running, the image would likely show more extreme motion blur and more drastic tilting. If the person were still, the image would be stable, and if they were in a car, there would likely be signs of higher-speed travel, such as consistent horizontal blur. Thus, the evidence points toward walking as the transportation method."
15,1498121349100,1498121359090,Walking,Car,"The image appears to be slightly blurred and tilted, suggesting movement. The environment is a suburban street and the angle and motion blur can be consistent with being in a vehicle, likely moving at a speed faster than walking or running. The absence of motion attributed to walking or running gait, such as repeated vertical movement, supports the inference of smooth, continuous movement seen in car transportation. Additionally, the relative position to the ground and the fence indicates a viewpoint that is higher than typical walking or running height, supporting the assessment of being in a car."
16,1498121359100,1498121369090,Walking,Car,"The image shows a blurred environment often associated with motion, suggesting movement at a higher speed than walking or running. The angle and the presence of residential surroundings hint at viewing from a transport method that allows a slightly elevated perspective, typical of being inside a vehicle. Given the tilt and speed implied by the blur, it is likely that the person is in a car, potentially with the camera catching the environment through a window while the car is moving."
17,1498121369100,1498121379090,Walking,Car,"The image appears to be taken at an angle suggesting movement, with a noticeable blur on the sides. This is typical of images captured from a moving vehicle, where the speed of travel causes the surroundings to appear blurred, especially near the edges of the photo. The perspective also suggests that the camera is slightly elevated from ground level, which aligns with a person seated inside a car rather than walking or running. The environment with sidewalks and houses also supports the notion of viewing from the street level through a vehicle window."
18,1498121379100,1498121389090,Walking,Still,"Upon examining the environment photo, the image appears to be taken from a fairly fixed position. The presence of stationary objects such as a covered motorcycle and a residential building in clear focus suggests minimal motion blur, which is typically associated with stillness. Additionally, the angle and framing indicate the camera was likely at rest or moving very slowly. No signs of rapid motion, such as those seen in running or traveling by car, are evident. Thus, the most probable transportation method is 'Still'."
19,1498121389100,1498121399090,Walking,Still,"The photo shows a clear, focused image of a residential area, indicating minimal to no movement. The presence of a covered motorcycle and the clarity of the image suggest the person was not moving rapidly, which would typically cause blurring. Additionally, there's no indication of a vehicle interior that would suggest being in a car. All these factors indicate that the person was likely still when the photo was taken."
20,1498121399100,1498121409090,Walking,Still,"The environment photo captured here is mostly clear and stable with no evident motion blur, suggesting a lack of significant movement. This indicates that the person is likely not in motion, ruling out options like Walking, Running, or being in a Car. The angle and composition imply a static position, consistent with the 'Still' category."
21,1498121409100,1498121419090,Walking,Still,"The image is somewhat blurred, suggesting slight movement, but predominantly, the environment appears stationary. In the foreground, there's a consistent view of vegetation and a building, which indicates that there hasn't been significant change in perspective. This stability in the image, along with the presence of outdoor surroundings, points to the likelihood that the person was not moving, or moved minimally, suggesting a 'Still' state. If the person were walking or running, there would likely be more motion blur throughout the image and more noticeable changes in viewpoint. If they were in a car, the blurring would likely be more pronounced due to higher speeds. The blurriness here suggests only minor movements, thus supporting a 'Still' classification."
22,1498121419100,1498121429090,Walking,Still,"The image shows a static environment with clear and sharp details of plants and building structures, suggestive of a lack of motion during the capture. The presence of a blurred section in the foreground could be due to an obstruction near the camera, like a piece of clothing or body part, while the background remains steady. This suggests that the person was likely standing still when the photo was taken."
23,1498121429100,1498121439090,Walking,Still,"The image shows a relatively stable and clear view of trees and a building. The lack of motion blur suggests that the person is most likely stationary. If the person were walking, running, or in a car, there would likely be some blurring or motion artifacts due to the movement. Since the environment appears calm and without any indicators of movement, 'Still' is the most appropriate category for this scenario."
24,1498121439100,1498121449090,Walking,Still,"The image is mostly covered by what appears to be a blurry texture, likely a close-up view of clothing or a surface close to the camera. The background shows a static environment with no visible motion blur or distortion that might indicate movement such as walking, running, or riding in a car. This suggests the person was stationary at the time the photo was taken."
25,1498121449100,1498121459090,Walking,Still,"The image shows a static view with no noticeable motion blur, which suggests the person is likely not moving significantly, if at all. The position of the camera, possibly obscured by a part of the body or clothing, reinforces the idea of a non-active state. The lack of variation or movement signs in the environment also points toward a 'Still' state."
26,1498121459100,1498121469090,Walking,Still,"The image appears blurry and out of focus, with a fence in the background. The foreground is dominated by a skin-toned surface, which might suggest that the camera is pressed close against the person’s body and slightly obstructed. This perspective and obstruction suggest the person might not be in motion as they would be if they were walking, running, or in a car. The lack of motion blur or dynamic elements associated with fast movement (running or car) points towards the person being still. Hence, the most likely transportation method, based on the provided image, is 'Still'."
27,1498121469100,1498121479090,Walking,Walking,"The image captures a residential street scene, showing houses and a garbage bin. Based on the angle and framing, the camera seems to be placed on a person's chest. The slight blurriness suggests movement, most consistent with walking. If it were still, the image would likely be sharper, as even minor hand movements can cause blur, but the degree here suggests walking. Running would usually show more motion blur, especially at this close range. In a car, the angle might be different, either showing more of the car interior or elements outside a car window."
28,1498121479100,1498121489090,Walking,Walking,"The image shows a typical suburban environment with houses and a footpath. The camera angle and perspective suggest that it is at the level of a person's chest or torso, indicating the photo might be taken while the person is moving upright and on foot. The slight motion blur, visible arm, and angle are consistent with walking. There is no indication of high-speed movement that would suggest running or being in a vehicle like a car. Thus, the most probable mode of transportation is walking."
29,1498121489100,1498121499090,Walking,Walking,"Based on the photo, several observations can be made which suggest that the person is walking. The image shows a typical residential street environment with houses and a garbage bin, indicating an outdoor setting that is often associated with walking. The angle of the shot suggests the camera is positioned around chest level, common for walking. The appearance of motion blur on the person's arm further suggests movement consistent with walking motion. There are no clear indicators of being in a vehicle, such as window frames or dashboard, eliminating the 'Car' option. Additionally, there is no intense blur or unusual angles that might indicate running. Therefore, the most likely method of transportation is walking."
30,1498121499100,1498121509090,Walking,Walking,"The image shows a street or sidewalk environment, which typically suggests a walking scenario. The slight tilt in the image could indicate body movement consistent with human walking. Additionally, the framing and the position related to the ground suggest a pedestrian perspective, rather than being inside a vehicle where windows or other car interiors might be visible. There's no significant blur or motion distortion that would suggest running or being in a fast-moving car, and the captured angle suggests ongoing movement rather than a still position."
1559,1498149178160,1498149188150,Run,Car,"The image shows motion blur with horizontal streaks across the photograph, a common indicator of fast movement. This type of blur is typically associated with traveling at speed, often experienced while in a vehicle like a car. The consistent and directional nature of the blur suggests a steady motion, which is more characteristic of traveling by car than walking or running, where movement would cause more varied and irregular blurring. Additionally, the image lacks clear definable objects or scenery typically visible when walking or running, reinforcing the likelihood of a car journey where the surroundings move quickly relative to the passenger."
1560,1498149188160,1498149198150,Run,Car,"The image appears to be blurred, which can indicate motion. The blur is consistent with a sideways movement relative to the taken photo, a characteristic typically associated with high speed or quick changes in direction, often experienced in a car. Additionally, the image captures a part of a smooth surface and road, which suggests that the person is inside a vehicle rather than walking or running outside."
1561,1498149198160,1498149208150,Run,Car,"The image appears to be taken from inside a moving vehicle. The blur and angle suggest motion, as seen from behind a window or some enclosure typical of a car interior. The presence of what looks like a road or sidewalk further supports the likelihood of being inside a vehicle in motion rather than other transportation methods like walking or running, which would have a more dynamic perspective. The environment is consistent with being in a car, where the camera is often at rest except for the motion of the vehicle itself."
1562,1498149208160,1498149218150,Run,Car,"The image appears blurry and shows a limited view with a portion of a vehicle’s interior or exterior, suggesting motion consistent with being inside a moving car. The indistinct shapes and motion blur are typical of photos taken inside a vehicle in transit. If the person were walking, running, or still, the image would likely be more stable and oriented differently, showing more typical pedestrian perspectives."
1563,1498149218160,1498149228150,Run,Car,"The image is significantly blurred, showing a streaking effect and curvature typical of motion blur seen through a vehicle window. Such blurring indicates rapid speed which is consistent with being inside a moving car. The curvature suggests the photo was taken during a turn, common in vehicular movement. The presence of roadside features like grass at the edge of a road also supports the car-based transportation hypothesis."
1564,1498149228160,1498149238150,Run,Car,"The image shows significant motion blur, particularly with a sweeping or curved pattern. This type of blur is typically associated with higher-speed movement, which is most consistent with being inside a car. The presence of a road and grass also suggests that the view is from a vehicle traveling along a road. Therefore, the transportation method is most likely 'Car'."
1565,1498149238160,1498149248150,Run,Car,"The photo shows significant motion blur, primarily in a horizontal direction, which is indicative of higher speeds typically not attainable by walking or running. The curvature of the blur suggests a rapid change in position relative to the surroundings, likely due to the camera being inside a turning vehicle. The blur is uniform, further ruling out the possibility of typical bobbing motion associated with walking or running. Thus, the transportation method is most consistent with being in a car."
1566,1498149248160,1498149258150,Run,Car,"The image shows a blurred environment with what appears to be a view of the road at the bottom and some form of motion blur. This type of blur is typically associated with faster movement than walking or running, suggesting vehicular transportation. The presence of the road and the angle of the potential capture further imply the photo was taken from a moving vehicle. Such environmental effects are unusual when stationary or merely walking/running due to lower relative speeds. Thus, the transportation method is likely 'Car'."
1567,1498149258160,1498149268150,Run,Walking,"The image appears blurred, which suggests motion at a speed consistent with walking. The blurriness is not excessive, which would be more indicative of running or movement in a car. The angle and partial view of an arm or hand in the frame suggest the camera is stationary in terms of posture, supporting the idea of walking rather than being seated in a car or still."
1568,1498149268160,1498149278150,Run,Car,"The image is highly blurred, indicating rapid motion relative to the camera. This level of motion blur is more consistent with being in a vehicle like a car, where the camera would typically pick up the rapid movement outside. Walking or running could cause some blur, but the uniformity and extent suggest higher speeds usually associated with vehicle travel. The perspective also lacks elements like legs or pavement details that might suggest walking or running, reinforcing the likelihood of being in a car."
1569,1498149278160,1498149288150,Run,Car,"The image exhibits significant motion blur, indicating rapid movement. The angle and the presence of a smooth surface like a road suggest that the perspective is consistent with looking from a moving vehicle, leading to the conclusion that the transportation method is likely a car. Walking or running would typically show more varied ground surfaces and structures, while a still image wouldn't exhibit such blur."
1570,1498149288160,1498149298150,Run,Car,"The image shows a blurred environment, indicating motion. The main observable feature is the road surface, suggesting outdoor movement. The degree of blurring implies a faster speed than typical walking or running. Blurring often occurs in photos taken from moving vehicles due to speed, which aligns with car transportation."
1571,1498149298160,1498149308150,Run,Car,"The image displays a blurred scene with a distorted or streaked view, which is common when capturing motion at higher speeds, such as in a moving vehicle. The ground appears as a blur, indicating rapid movement relative to the camera's position. This motion blur is typically more pronounced in car travel, compared to walking or running, where the camera's movement relative to the ground is usually slower and more rhythmic. There are no distinct characteristics in the image that suggest the person is stationary (Still) or moving at a walking pace. Therefore, the most likely transportation method based on the image is 'Car.'"
1572,1498149308160,1498149318150,Run,Car,"The image shows significant motion blur which suggests rapid movement, consistent with being in a car. The blur pattern is directional and the surrounding environment seems to stretch horizontally, indicating movement at a speed usually not achievable by walking or running. Additionally, the presence of part of an arm and the fabric indicates an inside view usually seen from within a vehicle. This further supports the idea of vehicular travel over walking, running, or remaining still."
1573,1498149318160,1498149328150,Run,Run,"The image shows motion blur, which indicates movement. The specific nature of the blur is consistent with rapid movement, such as running. If the person were walking, the blur would likely be less pronounced. In contrast, if the person were in a car, the blur would follow a different pattern, often showing clear structures in parallel lines due to the stability of a vehicle. Additionally, the arm's motion suggests active, vigorous movement, aligning with the arm motion during running. There is also a lack of clear surroundings or structured view that typically accompanies stillness or vehicular transport."
1574,1498149328160,1498149338150,Run,Run,"The image appears to be blurred, indicating significant motion. This level of blur is typically associated with faster movement, more so than walking. The presence of a visible swinging arm suggests rapid, rhythmic motion, consistent with running. The focus and framing imply that the camera, possibly attached to the torso, captures this blur due to quick movement rather than the steadier, slower pace associated with walking. The terrain appears to be outdoors, which is common for running but not indicative of a car environment. Thus, the observed characteristics most closely align with running."
1575,1498149338160,1498149348150,Run,Car,"The photo shows a strong motion blur, indicating high speed relative to typical human walking or running. The view from the torso position combined with the significant blur suggests the person was in a vehicle moving quickly. Additionally, the angle of the photo and the visible details suggest that the camera was likely mounted or held in a position consistent with being inside a car. Therefore, the transportation method is most likely 'Car'."
1576,1498149348160,1498149358150,Run,Car,"The image shows a significant amount of motion blur, which suggests that the speed of movement is relatively high. This level of blurring typically occurs when traveling in a vehicle rather than when walking or running, as these activities usually produce less consistent and less extreme motion blur. Furthermore, the presence of an arm and hand grip on an object resembling a steering wheel or similar vehicle component is indicative of being inside a car. The environment around appears stationary relative to the blurring effect, which aligns with the consistent forward motion experienced in a car."
1577,1498149358160,1498149368150,Run,Run,"The image shows a distinct blur effect, indicating significant motion. The environment appears to be moving quickly past the camera, a clue that the person is likely in fast motion. The angle and intensity of the blur suggest rapid, rhythmic movement consistent with running rather than the steadier motion of walking or the typically horizontal motion blur seen in a vehicle. The lack of a clear and stable focal point in the environment aligns with the bouncing motion of running. Therefore, the transportation method is classified as running."
1578,1498149368160,1498149378150,Run,Car,"The image has a significant level of motion blur, suggesting fast movement, which is more consistent with traveling by car rather than walking or running. The view of the road and the angle also indicate positioning likely inside a vehicle, as the road is captured alongside an object in the foreground, likely a part of the car interior or a handheld item. These factors together suggest the person is likely in a car."
1579,1498149378160,1498149388150,Run,Car,"The image shows a blurred object in the foreground, likely due to motion blur, suggesting movement. The background features a road, and the smooth appearance of the surface suggests high-speed travel, typical of a vehicle. The motion blur and clear view of the road's edge are indicative of the subject being in a car. If the person were walking or running, there would likely be less blur, and more movement would often be perceptible in the landscape. The image does not suggest stillness due to the apparent motion."
1580,1498149388160,1498149398150,Run,Run,"The image shows significant blurring, especially towards the edges, indicating rapid movement. The presence of an outstretched arm and what seems to be a water bottle or similar object in motion further suggests that the person is actively engaging in physical activity. The angle and slight downward view suggest the person might be holding the item while moving quickly. The visible road surface and the speed of the blur are consistent with someone running, as opposed to the steadier view likely found when in a car. Walking would typically result in less blur, and stillness would show a clear image."
1581,1498149398160,1498149408150,Run,Run,"The image shows a scene with motion blur, particularly evident in the background. This blur suggests rapid movement of the camera, which is consistent with running. The angle and position of the arm, as well as the visible water bottle, indicate that the person is holding something while in motion. This scenario is typical when someone is running, as the movement would cause more shake and blur compared to walking. Additionally, the blurred background and the way the road surface appears suggest swift travel over a short period, further supporting the conclusion that the person is running."
1582,1498149408160,1498149418150,Run,Run,"The image shows motion blur on the surrounding environment and the arm holding the bottle, suggesting a rapid movement. This level of blur is typical when running, as the entire body experiences faster and more dynamic motion than walking. The angle and position of the arm, holding the bottle steady, further indicate a running posture, as runners often keep their arms bent and close to the body. If the movement were slower, such as walking, the blur might be less pronounced or absent."
1583,1498149418160,1498149428150,Run,Run,"The photo shows a blurred background, with a person’s arm holding a bottle. The blurriness and motion lines indicate rapid movement, suggesting that the person is moving quickly. This level of motion blur is consistent with running, rather than walking or being in a car where the movement would be more stable. The angle and proximity of the camera to the arm also suggest a dynamic, self-propelled activity such as running."
1584,1498149428160,1498149438150,Run,Car,"The image is significantly blurred, likely caused by motion. Such blurring can occur due to fast movement, which is common when a person is in a car. When walking or running, motion blur may exist but usually with a different pattern due to the rhythmic motion of walking or running. In contrast, when in a car, the camera can be subjected to rapid, relatively smooth linear movement, causing this type of blurred image. Since 'Still' implies no movement at all, and the degree of blur is higher than typically expected from walking or running, 'Car' is the most plausible category."
1585,1498149438160,1498149448150,Run,Run,"The image displays a significant amount of motion blur, which often indicates fast movement. When a person runs, the camera moves quickly and continuously, causing the environment to appear blurred. The lack of discernible objects or stable background further supports the hypothesis of rapid movement that is characteristic of running as opposed to more controlled movement like walking or stillness. Since the motion blur is uniform and covers the entire image, it is less likely to be from a car, where objects can still be somewhat discernible. Hence, the most plausible conclusion is running."
1586,1498149448160,1498149458150,Run,Run,"The image exhibits significant motion blur, indicating rapid movement. This level of blur is typically associated with running, as walking or standing still would likely result in a clearer image. The extent and pattern of the blur suggest quick, rhythmic motion consistent with running rather than the more gradual, consistent blur associated with being in a car."
1587,1498149458160,1498149468150,Run,Run,"The image shows significant motion blur, indicating rapid movement. This level of blur is typically associated with running, as the camera experiences more vigorous and faster motion compared to walking or being still. Additionally, if the camera was in a car, the blur would likely show a more linear pattern of movement rather than the chaotic blur seen here. Thus, the most probable transportation method is running."
1588,1498149468160,1498149478150,Run,Run,"The image shows significant motion blur, which is indicative of rapid movement. This level of blur is usually associated with running, where the body and camera move quickly, causing a sweeping effect in photos. If the person were standing still or walking, the image would likely be much clearer due to slower or minimal movement. In a car, while there could be some blur, it would usually show more distinct horizontal lines rather than the chaotic pattern seen here. Thus, the transportation method most likely corresponds to running."
162,1498123358570,1498123368560,Car,Car,"The image captures a view looking upward towards a tall building, with part of an urban environment visible, including what appears to be the rear of a car directly ahead on the road. The presence of a car directly in front, as well as the height and angle of the camera’s capture, suggests the person is inside a vehicle. The alignment and viewpoint are consistent with being inside a car, typically positioned on a seat, which further supports this mode of transportation."
163,1498123368570,1498123378560,Car,Car,"The image shows a view from a vehicle, likely through a windshield or back window, indicated by the presence of a car directly ahead with visible brake lights. The angle and height suggest the photo was taken from a sitting position typical inside a vehicle. The surrounding environment with buildings and a road further supports the likelihood of being inside a car rather than walking or running. The image does not show typical movement blur associated with walking or running, and the straight, level view is consistent with sitting still in a car on the road."
164,1498123378570,1498123388560,Car,Car,"The photo shows the view from inside a vehicle, as indicated by the presence of a car's rear window and the visible surroundings consistent with a street scene. The presence of other cars suggests that the person is in a moving vehicle, likely a car. The perspective and angle suggest the camera could be mounted or held in a stationary position inside a car. Therefore, based on these observations, the transportation method is most likely 'Car'."
165,1498123388570,1498123398560,Car,Car,"The image shows a view typically associated with being inside or near a vehicle. The presence of buildings and street elements like traffic lights indicates that the person is in an urban environment, likely traveling on a road. The wavy pattern across the image suggests it might have been taken through a windshield or window of a car, as it often happens with certain types of glass under specific light conditions. Additionally, the angle of the shot suggests the person's torso is relatively stable, which is consistent with being seated in a vehicle."
166,1498123398570,1498123408560,Car,Car,"The image shows a view of a city street, with buildings and traffic lights visible. The perspective and framing suggest that the camera was stationary relative to the buildings, indicating a lack of movement typically associated with walking or running. Additionally, the presence of traffic lights and the angle of the shot imply that the person could be inside a vehicle. The tilted angle and the broad view are consistent with viewing from a car window, especially when in motion. There are no signs of significant blurring or movement that would be associated with walking or running. Hence, the most likely transportation method is the person being inside a car."
167,1498123408570,1498123418560,Car,Car,"To determine the transportation method, we can analyze the perspective and visual effects in the photo. The image shows an urban environment captured from a low angle looking up at buildings and the sky, which suggests a view from lower to the ground typical when a person is seated. The buildings appear slightly warped towards the edges, which can indicate motion blur usually observed while in a moving vehicle. This effect is consistent with viewing through a car window. Furthermore, the presence of traffic lights and intricate urban infrastructure suggests the likely setting for vehicular travel. There are no signs of personal motion like the bobbing seen in walking or running transportation modes. Based on these observations, the most fitting category for this scenario is 'Car'."
168,1498123418570,1498123428560,Car,Car,"The image shows a scene that appears to be from a roadway or urban environment. The presence of traffic lights, multiple vehicles, and buildings suggests the photo was taken from inside a vehicle. The image angle and height support the idea that the camera was likely mounted on the dashboard or windshield of a car rather than on a person walking or running. The sky and stationary positioning of buildings relative to each other in the scene also imply minimal movement, which aligns with being in a car rather than moving on foot. These factors collectively indicate the transportation method is likely 'Car.'"
169,1498123428570,1498123438560,Car,Car,"1. Environment Context: The image shows an urban setting with buildings and traffic lights, typical of a street or road. The presence of a van directly in front suggests a road designed for vehicular traffic.

2. Camera Angle: The perspective is elevated with a clear view of the sky and surrounding buildings, which is more consistent with being inside a vehicle. When walking or running, the camera angle would typically show closer, lower views, such as sidewalks or people.

3. Horizon Line: The steady horizon suggests minimal motion blur, which is common when inside a car moving at a constant speed.

4. Additional Observations: The image captures other vehicles, which is more typical when traveling by car in traffic.

Based on these observations, the most likely method of transportation is 'Car'."
170,1498123438570,1498123448560,Car,Car,"The image depicts a view from what appears to be a road, with cars visible and positioned ahead, suggesting the person is in a vehicle. The angle and elevation of the photo, along with visible traffic lights, are consistent with being inside a car. The absence of motion blur reinforces the likelihood that the person is stationary at the moment, possibly waiting in traffic, but the overall setting suggests transportation by car."
171,1498123448570,1498123458560,Car,Car,"The image shows the perspective from inside a vehicle, indicated by the presence of a windshield and the visible dashboard reflection. The wide view of the urban environment and the positioning of buildings suggests a vehicular travel context. The angle and framing, looking slightly upward towards the buildings and vehicles, is typical of an inward car or bus view. Additionally, the presence of traffic elements like other cars indicates transportation likely by car or similar vehicle."
172,1498123458570,1498123468560,Car,Car,"The image shows an environment typically seen from inside a vehicle. The perspective suggests the person is seated and looking forward, perhaps through a windshield. Key indicators include the presence of another vehicle (a van) ahead, as well as traffic infrastructure like streetlights and buildings viewed from a low angle. The slight tilt in the image combined with the pattern distortion could be due to the movement of the car or vibrations from the road. Such visual cues strongly suggest the transportation mode is not on foot but in a car."
173,1498123468570,1498123478560,Car,Car,"The image shows a street environment, typically viewed from a height consistent with sitting in a car. Buildings and a vehicle are visible, indicating motion along a road. The horizon appears tilted, a common occurrence when a camera inside a moving car adjusts to turns or changes in direction. There is no evidence to suggest the stillness associated with walking, running, or standing still on a sidewalk. The context and perspective strongly suggest the transportation method is 'Car'."
174,1498123478570,1498123488560,Car,Car,"The environmental photo shows an urban scene with buildings and a clear road view, common when traveling in a car. The slightly wavy lines across the image suggest a reflection or distortion typical of viewing through a car window, which supports the car transportation hypothesis. Additionally, the slightly tilted angle of the buildings suggests movement rather than being still, and there are no visible signs, such as a moving foot or blurred motion, typically associated with walking or running."
175,1498123488570,1498123498560,Car,Car,"The photo shows a view of a street with houses on either side, which is typical of what a person might see when traveling by car. The perspective and framing suggest a forward-facing view, commonly associated with being inside a vehicle. Additionally, the presence of buildings, street poles, and the sky indicates movement along a road. There is no motion blur or dynamic object movement typical of walking or running. Therefore, given the environment and perspective shown, the transportation method is most likely 'Car.'"
176,1498123498570,1498123508560,Car,Car,"The environment in the photo shows objects and structures at a slight angle, which is consistent with the view through a car window due to the position and angle of the camera on the torso. The visibility of the houses from a lower angle, as would be seen when sitting in a vehicle, further supports this. Additionally, there are no visible motion blur effects that would be indicative of walking or running, indicating that the person is likely seated and being transported by a car."
177,1498123508570,1498123518560,Car,Car,"The photo suggests the person is likely in a car for the following reasons: 

1. **Viewpoint and Perspective**: The angle of the photo with the sky and traffic light visible from below indicates it was taken from a low sitting position, typical of being inside a car.

2. **Traffic Light**: The presence of a traffic light and road signs often appear at intersections and roads, which are typically encountered during car transportation.

3. **Environmental Cues**: The view shows an urban environment with buildings and a street, which supports the idea of being on a roadway.

These factors combined suggest that the transportation method is most likely a car."
178,1498123518570,1498123528560,Car,Car,"The image shows a view of a street scene with a traffic light, road signs, and part of a building. The presence of these elements and the angle of the photo suggest it was taken from inside a vehicle looking up through a windshield. The texture pattern across the image is indicative of a windshield reflection or glass distortion seen when taking a picture from within a car. There is no motion blur that would suggest walking or running, and the view of the sky suggests movement in an urban environment typical of riding in a vehicle, rather than being still."
179,1498123528570,1498123538560,Car,Car,"The image shows a street environment with a traffic light and road signs, typically viewed from the perspective of a vehicle. The angle of the shot suggests the camera is viewing the street from a lower position typical of car windows. Additionally, the presence of the traffic light and the road signs implies the setting is likely observed during vehicular travel. The lack of motion blur indicates the vehicle might be stopped at the light, which is common in a car scenario. Therefore, the transportation method is most likely 'Car'."
180,1498123538570,1498123548560,Car,Car,"The image shows an urban environment with visible street signs and traffic lights. The presence of these elements indicates that the subject is likely in a vehicle, as pedestrians or runners are less likely to frequently encounter such a setup from this viewpoint. The perspective and position seem consistent with that of a person inside a car."
181,1498123548570,1498123558560,Car,Car,"The image shows a view of the road with street lights, traffic signs, and a red traffic light, suggesting it was taken from a low angle typical of being inside a vehicle. The presence of road signs and infrastructure likely indicates being on a city street. The position and tilt of the camera capture is consistent with being in transit in a car rather than moving on foot, as there are no signs of pedestrian pathways or sidewalks that are prominent when walking or running. Thus, the transportation method is most likely 'Car'."
182,1498123558570,1498123568560,Car,Car,"The image shows an urban outdoor environment with road signs and a traffic light, which is more consistent with a person being in a car than with walking or running. The perspective is high enough to suggest that the camera is within a vehicle, likely a car. There are no visible motion blur indicators that would suggest running or walking. The presence of traffic infrastructure such as streetlights and road signs indicates the photo was likely taken from a car."
183,1498123568570,1498123578560,Car,Car,"The image shows a view primarily consisting of the sky and upper parts of buildings, which suggests a perspective from a seated position rather than one obtained while standing or moving on foot. Additionally, there is an indication of a vehicle (part of a bus is visible), which further implies the context of being on a road or near vehicular traffic. The overall composition and elements suggest movement along a street, typical when someone is inside a car. These clues align with the characteristics expected if the person was being transported in a car."
184,1498123578570,1498123588560,Car,Car,"The photo is taken from a perspective indicating movement along a street, which is a typical environment observed from a car. The presence of a large vehicle, like a bus, suggests a road setting. The view is angled to capture the sky and upper part of buildings and trees, supporting a higher vantage point likely from within a car. The slight blurring or distortion visible on the photo could be due to the motion of a fast-moving vehicle, consistent with car travel."
185,1498123588570,1498123598560,Car,Car,"The photo appears to be taken from a perspective that suggests movement within a vehicle. The presence of a bus and a view of urban architecture indicate the person is likely moving along a road, typical of car transportation. The sky and motion blur patterns may suggest motion through a window. There’s no indication of activity consistent with walking or running, such as footpaths or close-up, dynamic scenes. The height and angle of the view are also consistent with being seated in a vehicle."
186,1498123598570,1498123608560,Car,Car,"The photo shows evidence of being taken through a car window. The pattern visible in the sky suggests a window tint or a mesh, typical of car windows. Additionally, the perspective and angle of the buildings and the streetlight in relation to the horizon indicate that the photo was taken from a low viewpoint, consistent with being seated in a vehicle. These observations make 'Car' the most likely category of transportation."
187,1498123608570,1498123618560,Car,Car,"The photo shows an upward view of tall buildings and a streetlamp, captured through a glass surface with visible reflections or distortions. This suggests the image was likely taken from inside a vehicle. The angle and construction visible in the scene are consistent with sitting in a car. Additionally, the presence of buildings and street infrastructure supports the notion of being on a roadway. The slight distortions in the image are characteristic of viewing through a car window. These factors combined point towards the transportation method being 'Car'."
188,1498123618570,1498123628560,Car,Car,"The image shows the view from what appears to be behind a car window, indicated by the wavy, textured pattern likely from a defrost grid or rain pattern on glass. The angle suggests the photo was taken from a seated position with an upward view towards a building and streetlight, common when sitting inside a vehicle. The presence of a structured environment also supports this analysis. Thus, the person is likely inside a car."
189,1498123628570,1498123638560,Car,Car,"The image shows a view of the sky and urban buildings from behind a windshield with visible raindrops. This perspective suggests that the camera is in a seated position, likely inside a vehicle, looking upwards through the windshield. The presence of droplets and a mesh pattern typical of car windshields reinforce this inference. Therefore, the person is likely inside a car."
190,1498123638570,1498123648560,Car,Car,"The photo appears to be taken from inside a vehicle, as indicated by the wavy pattern visible in the image, which suggests the presence of a windshield or window with a defrost or coating pattern. The angle of the buildings and street lamps suggests a view from a driver's perspective, typically observed while driving. No signs of direct human activity, like walking or running, are visible, and the stationary elements do not indicate pedestrian movement."
191,1498123648570,1498123658560,Car,Car,"The image shows an outdoor scene with buildings, trees, and streetlights. The perspective appears to be looking upwards, possibly through a windshield. The presence of a water droplet pattern, likely on glass, suggests that the camera is positioned behind a window, commonly found in vehicles. This indicates that the photo is taken from inside a car. Additionally, the angle of view and the framing are consistent with a camera place inside a moving vehicle rather than an individual walking or standing still outdoors."
